[2026-07-27 10:13:05] [ERROR] Failed local QR code generation: Call to undefined function ImageCreate()
[2026-07-27 10:14:38] [ERROR] Failed local QR code generation: Call to undefined function ImageCreate()
[2026-07-27 10:19:22] [ERROR] Failed local QR code generation: Call to undefined function ImageCreate()
[2026-07-27 10:26:14] [ERROR] Failed local QR code generation: Call to undefined function ImageCreate()
[2026-07-27 10:26:32] [ERROR] Failed local QR code generation: Call to undefined function ImageCreate()
[2026-07-27 10:27:32] [ERROR] Failed local QR code generation: Call to undefined function ImageCreate()
[2026-07-27 10:27:32] [ERROR] Failed local QR code generation: Call to undefined function ImageCreate()
[2026-07-27 10:27:32] [ERROR] Failed discharging IPD patient transaction: SQLSTATE[23000]: Integrity constraint violation: 1452 Cannot add or update a child row: a foreign key constraint fails (`clinic_db`.`billing`, CONSTRAINT `billing_ibfk_2` FOREIGN KEY (`branch_id`) REFERENCES `branches` (`id`) ON DELETE CASCADE)
[2026-07-27 10:27:51] [ERROR] Failed local QR code generation: Call to undefined function ImageCreate()
[2026-07-27 10:27:51] [ERROR] Failed local QR code generation: Call to undefined function ImageCreate()
[2026-07-27 10:27:51] [ERROR] Failed discharging IPD patient transaction: SQLSTATE[23000]: Integrity constraint violation: 1452 Cannot add or update a child row: a foreign key constraint fails (`clinic_db`.`billing`, CONSTRAINT `billing_ibfk_2` FOREIGN KEY (`branch_id`) REFERENCES `branches` (`id`) ON DELETE CASCADE)
[2026-07-27 10:28:51] [ERROR] Failed local QR code generation: Call to undefined function ImageCreate()
[2026-07-27 10:28:51] [ERROR] Failed local QR code generation: Call to undefined function ImageCreate()
[2026-07-27 10:33:58] [ERROR] Failed local QR code generation: Call to undefined function ImageCreate()
[2026-07-27 10:33:58] [ERROR] Failed local QR code generation: Call to undefined function ImageCreate()
[2026-07-27 10:34:48] [ERROR] Failed local QR code generation: Call to undefined function ImageCreate()
[2026-07-27 10:34:48] [ERROR] Failed to commit employee creation transaction: SQLSTATE[23000]: Integrity constraint violation: 1062 Duplicate entry 'verify_doctor' for key 'username'
[2026-07-27 10:34:48] [ERROR] Failed local QR code generation: Call to undefined function ImageCreate()
[2026-07-27 10:35:00] [ERROR] Failed local QR code generation: Call to undefined function ImageCreate()
[2026-07-27 10:35:05] [ERROR] Failed local QR code generation: Call to undefined function ImageCreate()
[2026-07-27 10:35:05] [ERROR] Failed local QR code generation: Call to undefined function ImageCreate()
[2026-07-27 10:35:05] [ERROR] Failed generating monthly payroll: SQLSTATE[HY093]: Invalid parameter number
[2026-07-27 10:35:18] [ERROR] Failed local QR code generation: Call to undefined function ImageCreate()
[2026-07-27 10:35:19] [ERROR] Failed local QR code generation: Call to undefined function ImageCreate()
[2026-07-27 10:35:19] [ERROR] Failed generating monthly payroll: SQLSTATE[HY093]: Invalid parameter number
[2026-07-27 10:35:31] [ERROR] Failed local QR code generation: Call to undefined function ImageCreate()
[2026-07-27 10:35:32] [ERROR] Failed local QR code generation: Call to undefined function ImageCreate()
[2026-07-27 10:35:32] [ERROR] Failed generating monthly payroll: SQLSTATE[HY093]: Invalid parameter number
[2026-07-27 10:35:43] [ERROR] Failed local QR code generation: Call to undefined function ImageCreate()
[2026-07-27 10:35:43] [ERROR] Failed local QR code generation: Call to undefined function ImageCreate()
[2026-07-27 10:41:02] [ERROR] Unhandled Exception: Class "Session" not found {"file":"C:\\xampp\\htdocs\\clinic\\views\\website\\contact.php","line":55,"trace":"#0 C:\\xampp\\htdocs\\clinic\\app\\Controllers\\WebsiteController.php(156): include()\n#1 [internal function]: App\\Controllers\\WebsiteController::contact(Array)\n#2 C:\\xampp\\htdocs\\clinic\\app\\Router.php(80): call_user_func_array(Array, Array)\n#3 C:\\xampp\\htdocs\\clinic\\public\\index.php(208): App\\Router->dispatch('/contact', 'GET')\n#4 {main}"}
[2026-07-27 10:41:47] [ERROR] Unhandled Exception: Class "Session" not found {"file":"C:\\xampp\\htdocs\\clinic\\views\\website\\contact.php","line":55,"trace":"#0 C:\\xampp\\htdocs\\clinic\\app\\Controllers\\WebsiteController.php(156): include()\n#1 [internal function]: App\\Controllers\\WebsiteController::contact(Array)\n#2 C:\\xampp\\htdocs\\clinic\\app\\Router.php(80): call_user_func_array(Array, Array)\n#3 C:\\xampp\\htdocs\\clinic\\public\\index.php(208): App\\Router->dispatch('/contact', 'GET')\n#4 {main}"}
[2026-07-27 10:41:56] [ERROR] Unhandled Exception: Class "Session" not found {"file":"C:\\xampp\\htdocs\\clinic\\views\\website\\contact.php","line":55,"trace":"#0 C:\\xampp\\htdocs\\clinic\\app\\Controllers\\WebsiteController.php(156): include()\n#1 [internal function]: App\\Controllers\\WebsiteController::contact(Array)\n#2 C:\\xampp\\htdocs\\clinic\\app\\Router.php(80): call_user_func_array(Array, Array)\n#3 C:\\xampp\\htdocs\\clinic\\public\\index.php(208): App\\Router->dispatch('/contact', 'GET')\n#4 {main}"}
[2026-07-27 10:42:33] [ERROR] Failed local QR code generation: Call to undefined function ImageCreate()
[2026-07-27 10:42:33] [ERROR] Failed local QR code generation: Call to undefined function ImageCreate()
[2026-07-27 10:43:02] [ERROR] Failed local QR code generation: Call to undefined function ImageCreate()
[2026-07-27 10:43:02] [ERROR] Failed local QR code generation: Call to undefined function ImageCreate()
[2026-07-27 10:43:17] [ERROR] Failed local QR code generation: Call to undefined function ImageCreate()
[2026-07-27 10:43:18] [ERROR] Failed to commit employee creation transaction: SQLSTATE[23000]: Integrity constraint violation: 1062 Duplicate entry 'verify_doctor' for key 'username'
[2026-07-27 10:43:18] [ERROR] Failed local QR code generation: Call to undefined function ImageCreate()
[2026-07-27 10:43:23] [ERROR] Failed local QR code generation: Call to undefined function ImageCreate()
[2026-07-27 10:43:28] [ERROR] Failed local QR code generation: Call to undefined function ImageCreate()
[2026-07-27 10:43:28] [ERROR] Failed local QR code generation: Call to undefined function ImageCreate()
[2026-07-27 10:43:49] [ERROR] Failed local QR code generation: Call to undefined function ImageCreate()
[2026-07-27 10:43:50] [ERROR] Failed local QR code generation: Call to undefined function ImageCreate()
[2026-07-27 10:44:10] [ERROR] Unhandled Exception: Class "Session" not found {"file":"C:\\xampp\\htdocs\\clinic\\views\\website\\contact.php","line":55,"trace":"#0 C:\\xampp\\htdocs\\clinic\\app\\Controllers\\WebsiteController.php(156): include()\n#1 [internal function]: App\\Controllers\\WebsiteController::contact(Array)\n#2 C:\\xampp\\htdocs\\clinic\\app\\Router.php(80): call_user_func_array(Array, Array)\n#3 C:\\xampp\\htdocs\\clinic\\public\\index.php(208): App\\Router->dispatch('/contact', 'GET')\n#4 {main}"}
[2026-07-27 10:44:13] [ERROR] Unhandled Exception: Class "Session" not found {"file":"C:\\xampp\\htdocs\\clinic\\views\\website\\contact.php","line":55,"trace":"#0 C:\\xampp\\htdocs\\clinic\\app\\Controllers\\WebsiteController.php(156): include()\n#1 [internal function]: App\\Controllers\\WebsiteController::contact(Array)\n#2 C:\\xampp\\htdocs\\clinic\\app\\Router.php(80): call_user_func_array(Array, Array)\n#3 C:\\xampp\\htdocs\\clinic\\public\\index.php(208): App\\Router->dispatch('/contact', 'GET')\n#4 {main}"}
[2026-07-27 10:44:23] [ERROR] Failed local QR code generation: Call to undefined function ImageCreate()
[2026-07-27 10:44:23] [ERROR] Failed local QR code generation: Call to undefined function ImageCreate()
[2026-07-27 11:04:14] [ERROR] Failed local QR code generation: Call to undefined function ImageCreate()
[2026-07-27 11:04:14] [ERROR] Failed local QR code generation: Call to undefined function ImageCreate()
[2026-07-27 11:04:15] [INFO] Mailer Fallback: Sending email to test@patient.com. Subject: Appointment Confirmed
[2026-07-27 11:04:17] [INFO] WhatsApp API Dispatch: Target 919876543210, Template: booking_template
[2026-07-27 11:05:36] [ERROR] Failed local QR code generation: Call to undefined function ImageCreate()
[2026-07-27 11:05:37] [ERROR] Failed local QR code generation: Call to undefined function ImageCreate()
[2026-07-27 11:05:37] [INFO] Mailer Fallback: Sending email to test@patient.com. Subject: Appointment Confirmed
[2026-07-27 11:05:39] [INFO] WhatsApp API Dispatch: Target 919876543210, Template: booking_template
[2026-07-27 11:10:19] [ERROR] Unhandled Exception: Call to undefined method App\Helpers\Session::requireLogin() {"file":"C:\\xampp\\htdocs\\clinic\\app\\Controllers\\CmsController.php","line":16,"trace":"#0 [internal function]: App\\Controllers\\CmsController::index(Array)\n#1 C:\\xampp\\htdocs\\clinic\\app\\Router.php(80): call_user_func_array(Array, Array)\n#2 C:\\xampp\\htdocs\\clinic\\public\\index.php(209): App\\Router->dispatch('/admin/cms/sett...', 'GET')\n#3 {main}"}
[2026-07-27 11:10:26] [ERROR] Unhandled Exception: Call to undefined method App\Helpers\Session::requireLogin() {"file":"C:\\xampp\\htdocs\\clinic\\app\\Controllers\\BlogController.php","line":16,"trace":"#0 [internal function]: App\\Controllers\\BlogController::index(Array)\n#1 C:\\xampp\\htdocs\\clinic\\app\\Router.php(80): call_user_func_array(Array, Array)\n#2 C:\\xampp\\htdocs\\clinic\\public\\index.php(209): App\\Router->dispatch('/admin/cms/blog...', 'GET')\n#3 {main}"}
[2026-07-27 11:10:29] [ERROR] Unhandled Exception: Call to undefined method App\Helpers\Session::requireLogin() {"file":"C:\\xampp\\htdocs\\clinic\\app\\Controllers\\BlogController.php","line":77,"trace":"#0 [internal function]: App\\Controllers\\BlogController::comments(Array)\n#1 C:\\xampp\\htdocs\\clinic\\app\\Router.php(80): call_user_func_array(Array, Array)\n#2 C:\\xampp\\htdocs\\clinic\\public\\index.php(209): App\\Router->dispatch('/admin/cms/comm...', 'GET')\n#3 {main}"}
[2026-07-27 11:11:18] [ERROR] Unhandled Exception: Call to undefined method App\Helpers\Permission::require() {"file":"C:\\xampp\\htdocs\\clinic\\app\\Controllers\\AttendanceController.php","line":64,"trace":"#0 [internal function]: App\\Controllers\\AttendanceController->leavesList(Array)\n#1 C:\\xampp\\htdocs\\clinic\\app\\Router.php(80): call_user_func_array(Array, Array)\n#2 C:\\xampp\\htdocs\\clinic\\public\\index.php(209): App\\Router->dispatch('/admin/employee...', 'GET')\n#3 {main}"}
[2026-07-27 11:11:21] [ERROR] Unhandled Exception: Call to undefined method App\Helpers\Permission::require() {"file":"C:\\xampp\\htdocs\\clinic\\app\\Controllers\\AttendanceController.php","line":64,"trace":"#0 [internal function]: App\\Controllers\\AttendanceController->leavesList(Array)\n#1 C:\\xampp\\htdocs\\clinic\\app\\Router.php(80): call_user_func_array(Array, Array)\n#2 C:\\xampp\\htdocs\\clinic\\public\\index.php(209): App\\Router->dispatch('/admin/employee...', 'GET')\n#3 {main}"}
[2026-07-27 11:11:24] [ERROR] Unhandled Exception: Call to undefined method App\Helpers\Permission::require() {"file":"C:\\xampp\\htdocs\\clinic\\app\\Controllers\\SalaryController.php","line":23,"trace":"#0 [internal function]: App\\Controllers\\SalaryController->index(Array)\n#1 C:\\xampp\\htdocs\\clinic\\app\\Router.php(80): call_user_func_array(Array, Array)\n#2 C:\\xampp\\htdocs\\clinic\\public\\index.php(209): App\\Router->dispatch('/admin/salary', 'GET')\n#3 {main}"}
[2026-07-27 11:11:39] [ERROR] Unhandled Exception: Call to undefined method App\Helpers\Permission::require() {"file":"C:\\xampp\\htdocs\\clinic\\app\\Controllers\\ReportsController.php","line":23,"trace":"#0 [internal function]: App\\Controllers\\ReportsController->dashboard(Array)\n#1 C:\\xampp\\htdocs\\clinic\\app\\Router.php(80): call_user_func_array(Array, Array)\n#2 C:\\xampp\\htdocs\\clinic\\public\\index.php(209): App\\Router->dispatch('/admin/reports', 'GET')\n#3 {main}"}
[2026-07-27 11:11:42] [ERROR] Unhandled Exception: Call to undefined method App\Helpers\Permission::require() {"file":"C:\\xampp\\htdocs\\clinic\\app\\Controllers\\ReportsController.php","line":23,"trace":"#0 [internal function]: App\\Controllers\\ReportsController->dashboard(Array)\n#1 C:\\xampp\\htdocs\\clinic\\app\\Router.php(80): call_user_func_array(Array, Array)\n#2 C:\\xampp\\htdocs\\clinic\\public\\index.php(209): App\\Router->dispatch('/admin/reports', 'GET')\n#3 {main}"}
[2026-07-27 11:20:19] [ERROR] Unhandled Exception: Call to undefined method App\Helpers\Session::requireLogin() {"file":"C:\\xampp\\htdocs\\clinic\\app\\Controllers\\EnquiryController.php","line":16,"trace":"#0 [internal function]: App\\Controllers\\EnquiryController::index(Array)\n#1 C:\\xampp\\htdocs\\clinic\\app\\Router.php(80): call_user_func_array(Array, Array)\n#2 C:\\xampp\\htdocs\\clinic\\public\\index.php(209): App\\Router->dispatch('/admin/cms/enqu...', 'GET')\n#3 {main}"}
[2026-07-27 11:20:27] [ERROR] Failed local QR code generation: Call to undefined function ImageCreate()
[2026-07-27 11:20:27] [ERROR] Failed local QR code generation: Call to undefined function ImageCreate()
[2026-07-27 11:20:27] [INFO] Mailer Fallback: Sending email to test@patient.com. Subject: Appointment Confirmed
[2026-07-27 11:20:29] [INFO] WhatsApp API Dispatch: Target 919876543210, Template: booking_template
[2026-07-27 11:22:08] [ERROR] Unhandled Exception: Call to undefined method App\Helpers\Session::requireLogin() {"file":"C:\\xampp\\htdocs\\clinic\\app\\Controllers\\BlogController.php","line":77,"trace":"#0 [internal function]: App\\Controllers\\BlogController::comments(Array)\n#1 C:\\xampp\\htdocs\\clinic\\app\\Router.php(80): call_user_func_array(Array, Array)\n#2 C:\\xampp\\htdocs\\clinic\\public\\index.php(209): App\\Router->dispatch('/admin/cms/comm...', 'GET')\n#3 {main}"}
[2026-07-27 12:09:17] [ERROR] Unhandled Exception: SQLSTATE[42S02]: Base table or view not found: 1146 Table 'clinic_db.opd_consultations' doesn't exist {"file":"C:\\xampp\\htdocs\\clinic\\app\\Helpers\\Database.php","line":52,"trace":"#0 C:\\xampp\\htdocs\\clinic\\app\\Helpers\\Database.php(52): PDO->prepare('SELECT COUNT(*)...')\n#1 C:\\xampp\\htdocs\\clinic\\app\\Helpers\\Database.php(62): App\\Helpers\\Database::query('SELECT COUNT(*)...', Array)\n#2 C:\\xampp\\htdocs\\clinic\\app\\Controllers\\AdminController.php(37): App\\Helpers\\Database::row('SELECT COUNT(*)...')\n#3 [internal function]: App\\Controllers\\AdminController->dashboard(Array)\n#4 C:\\xampp\\htdocs\\clinic\\app\\Router.php(80): call_user_func_array(Array, Array)\n#5 C:\\xampp\\htdocs\\clinic\\public\\index.php(210): App\\Router->dispatch('/admin/dashboar...', 'GET')\n#6 {main}"}
[2026-07-27 12:12:28] [ERROR] Unhandled Exception: SQLSTATE[42S02]: Base table or view not found: 1146 Table 'clinic_db.opd_consultations' doesn't exist {"file":"C:\\xampp\\htdocs\\clinic\\app\\Helpers\\Database.php","line":52,"trace":"#0 C:\\xampp\\htdocs\\clinic\\app\\Helpers\\Database.php(52): PDO->prepare('SELECT COUNT(*)...')\n#1 C:\\xampp\\htdocs\\clinic\\app\\Helpers\\Database.php(62): App\\Helpers\\Database::query('SELECT COUNT(*)...', Array)\n#2 C:\\xampp\\htdocs\\clinic\\app\\Controllers\\AdminController.php(37): App\\Helpers\\Database::row('SELECT COUNT(*)...')\n#3 [internal function]: App\\Controllers\\AdminController->dashboard(Array)\n#4 C:\\xampp\\htdocs\\clinic\\app\\Router.php(80): call_user_func_array(Array, Array)\n#5 C:\\xampp\\htdocs\\clinic\\public\\index.php(210): App\\Router->dispatch('/admin/dashboar...', 'GET')\n#6 {main}"}
[2026-07-27 12:12:29] [ERROR] Unhandled Exception: SQLSTATE[42S02]: Base table or view not found: 1146 Table 'clinic_db.opd_consultations' doesn't exist {"file":"C:\\xampp\\htdocs\\clinic\\app\\Helpers\\Database.php","line":52,"trace":"#0 C:\\xampp\\htdocs\\clinic\\app\\Helpers\\Database.php(52): PDO->prepare('SELECT COUNT(*)...')\n#1 C:\\xampp\\htdocs\\clinic\\app\\Helpers\\Database.php(62): App\\Helpers\\Database::query('SELECT COUNT(*)...', Array)\n#2 C:\\xampp\\htdocs\\clinic\\app\\Controllers\\AdminController.php(37): App\\Helpers\\Database::row('SELECT COUNT(*)...')\n#3 [internal function]: App\\Controllers\\AdminController->dashboard(Array)\n#4 C:\\xampp\\htdocs\\clinic\\app\\Router.php(80): call_user_func_array(Array, Array)\n#5 C:\\xampp\\htdocs\\clinic\\public\\index.php(210): App\\Router->dispatch('/admin/dashboar...', 'GET')\n#6 {main}"}
[2026-07-27 12:13:14] [ERROR] Unhandled Exception: SQLSTATE[42S02]: Base table or view not found: 1146 Table 'clinic_db.opd_consultations' doesn't exist {"file":"C:\\xampp\\htdocs\\clinic\\app\\Helpers\\Database.php","line":52,"trace":"#0 C:\\xampp\\htdocs\\clinic\\app\\Helpers\\Database.php(52): PDO->prepare('SELECT COUNT(*)...')\n#1 C:\\xampp\\htdocs\\clinic\\app\\Helpers\\Database.php(62): App\\Helpers\\Database::query('SELECT COUNT(*)...', Array)\n#2 C:\\xampp\\htdocs\\clinic\\app\\Controllers\\AdminController.php(37): App\\Helpers\\Database::row('SELECT COUNT(*)...')\n#3 [internal function]: App\\Controllers\\AdminController->dashboard(Array)\n#4 C:\\xampp\\htdocs\\clinic\\app\\Router.php(80): call_user_func_array(Array, Array)\n#5 C:\\xampp\\htdocs\\clinic\\public\\index.php(210): App\\Router->dispatch('/admin/dashboar...', 'GET')\n#6 {main}"}
[2026-07-27 12:13:15] [ERROR] Unhandled Exception: SQLSTATE[42S02]: Base table or view not found: 1146 Table 'clinic_db.opd_consultations' doesn't exist {"file":"C:\\xampp\\htdocs\\clinic\\app\\Helpers\\Database.php","line":52,"trace":"#0 C:\\xampp\\htdocs\\clinic\\app\\Helpers\\Database.php(52): PDO->prepare('SELECT COUNT(*)...')\n#1 C:\\xampp\\htdocs\\clinic\\app\\Helpers\\Database.php(62): App\\Helpers\\Database::query('SELECT COUNT(*)...', Array)\n#2 C:\\xampp\\htdocs\\clinic\\app\\Controllers\\AdminController.php(37): App\\Helpers\\Database::row('SELECT COUNT(*)...')\n#3 [internal function]: App\\Controllers\\AdminController->dashboard(Array)\n#4 C:\\xampp\\htdocs\\clinic\\app\\Router.php(80): call_user_func_array(Array, Array)\n#5 C:\\xampp\\htdocs\\clinic\\public\\index.php(210): App\\Router->dispatch('/admin/dashboar...', 'GET')\n#6 {main}"}
[2026-07-28 09:32:55] [ERROR] Failed local QR code generation: Call to undefined function ImageCreate()
[2026-07-28 09:32:56] [ERROR] Failed local QR code generation: Call to undefined function ImageCreate()
[2026-07-28 09:32:56] [INFO] Mailer Fallback: Sending email to test@patient.com. Subject: Appointment Confirmed
[2026-07-28 09:32:58] [INFO] WhatsApp API Dispatch: Target 919876543210, Template: booking_template
[2026-07-28 09:33:24] [ERROR] Unhandled Exception: Class "Session" not found {"file":"C:\\xampp\\htdocs\\clinic\\views\\website\\contact.php","line":55,"trace":"#0 C:\\xampp\\htdocs\\clinic\\app\\Controllers\\WebsiteController.php(156): include()\n#1 [internal function]: App\\Controllers\\WebsiteController::contact(Array)\n#2 C:\\xampp\\htdocs\\clinic\\app\\Router.php(80): call_user_func_array(Array, Array)\n#3 C:\\xampp\\htdocs\\clinic\\public\\index.php(210): App\\Router->dispatch('/contact', 'GET')\n#4 {main}"}
[2026-07-28 09:33:37] [ERROR] Unhandled Exception: Class "Session" not found {"file":"C:\\xampp\\htdocs\\clinic\\views\\website\\contact.php","line":55,"trace":"#0 C:\\xampp\\htdocs\\clinic\\app\\Controllers\\WebsiteController.php(156): include()\n#1 [internal function]: App\\Controllers\\WebsiteController::contact(Array)\n#2 C:\\xampp\\htdocs\\clinic\\app\\Router.php(80): call_user_func_array(Array, Array)\n#3 C:\\xampp\\htdocs\\clinic\\public\\index.php(210): App\\Router->dispatch('/contact', 'GET')\n#4 {main}"}
[2026-07-28 09:39:00] [ERROR] Failed local QR code generation: Call to undefined function ImageCreate()
[2026-07-28 09:39:00] [ERROR] Failed local QR code generation: Call to undefined function ImageCreate()
[2026-07-28 09:39:00] [INFO] Mailer Fallback: Sending email to test@patient.com. Subject: Appointment Confirmed
[2026-07-28 09:39:02] [INFO] WhatsApp API Dispatch: Target 919876543210, Template: booking_template
[2026-07-28 09:40:01] [ERROR] Unhandled Exception: App\Controllers\WebsiteController::treatmentDetail(): Argument #1 ($slug) must be of type string, array given {"file":"C:\\xampp\\htdocs\\clinic\\app\\Controllers\\WebsiteController.php","line":72,"trace":"#0 [internal function]: App\\Controllers\\WebsiteController::treatmentDetail(Array)\n#1 C:\\xampp\\htdocs\\clinic\\app\\Router.php(80): call_user_func_array(Array, Array)\n#2 C:\\xampp\\htdocs\\clinic\\public\\index.php(213): App\\Router->dispatch('/treatments/fis...', 'GET')\n#3 {main}"}
[2026-07-28 09:40:31] [ERROR] Unhandled Exception: App\Controllers\WebsiteController::treatmentDetail(): Argument #1 ($slug) must be of type string, array given {"file":"C:\\xampp\\htdocs\\clinic\\app\\Controllers\\WebsiteController.php","line":72,"trace":"#0 [internal function]: App\\Controllers\\WebsiteController::treatmentDetail(Array)\n#1 C:\\xampp\\htdocs\\clinic\\app\\Router.php(80): call_user_func_array(Array, Array)\n#2 C:\\xampp\\htdocs\\clinic\\public\\index.php(213): App\\Router->dispatch('/treatments/pil...', 'GET')\n#3 {main}"}
[2026-07-28 09:40:51] [ERROR] Failed local QR code generation: Call to undefined function ImageCreate()
[2026-07-28 09:40:51] [ERROR] Failed local QR code generation: Call to undefined function ImageCreate()
[2026-07-28 09:40:52] [INFO] Mailer Fallback: Sending email to test@patient.com. Subject: Appointment Confirmed
[2026-07-28 09:40:54] [INFO] WhatsApp API Dispatch: Target 919876543210, Template: booking_template
[2026-07-28 09:41:48] [ERROR] Failed local QR code generation: Call to undefined function ImageCreate()
[2026-07-28 09:41:49] [ERROR] Failed local QR code generation: Call to undefined function ImageCreate()
[2026-07-28 09:41:49] [INFO] Mailer Fallback: Sending email to test@patient.com. Subject: Appointment Confirmed
[2026-07-28 09:41:51] [INFO] WhatsApp API Dispatch: Target 919876543210, Template: booking_template
[2026-07-28 09:42:40] [ERROR] Failed local QR code generation: Call to undefined function ImageCreate()
[2026-07-28 09:42:40] [ERROR] Failed local QR code generation: Call to undefined function ImageCreate()
[2026-07-28 09:42:41] [INFO] Mailer Fallback: Sending email to test@patient.com. Subject: Appointment Confirmed
[2026-07-28 09:42:43] [INFO] WhatsApp API Dispatch: Target 919876543210, Template: booking_template
[2026-07-28 09:42:54] [ERROR] Unhandled Exception: App\Controllers\WebsiteController::treatmentDetail(): Argument #1 ($slug) must be of type string, array given {"file":"C:\\xampp\\htdocs\\clinic\\app\\Controllers\\WebsiteController.php","line":72,"trace":"#0 [internal function]: App\\Controllers\\WebsiteController::treatmentDetail(Array)\n#1 C:\\xampp\\htdocs\\clinic\\app\\Router.php(80): call_user_func_array(Array, Array)\n#2 C:\\xampp\\htdocs\\clinic\\public\\index.php(213): App\\Router->dispatch('/treatments/cir...', 'GET')\n#3 {main}"}
[2026-07-28 09:43:24] [ERROR] Failed local QR code generation: Call to undefined function ImageCreate()
[2026-07-28 09:43:25] [ERROR] Failed local QR code generation: Call to undefined function ImageCreate()
[2026-07-28 09:43:25] [INFO] Mailer Fallback: Sending email to test@patient.com. Subject: Appointment Confirmed
[2026-07-28 09:43:27] [INFO] WhatsApp API Dispatch: Target 919876543210, Template: booking_template
[2026-07-28 09:50:38] [ERROR] Failed local QR code generation: Call to undefined function ImageCreate()
[2026-07-28 09:50:38] [ERROR] Failed local QR code generation: Call to undefined function ImageCreate()
[2026-07-28 09:50:38] [INFO] Mailer Fallback: Sending email to test@patient.com. Subject: Appointment Confirmed
[2026-07-28 09:50:41] [INFO] WhatsApp API Dispatch: Target 919876543210, Template: booking_template
[2026-07-28 09:53:27] [ERROR] Failed local QR code generation: Call to undefined function ImageCreate()
[2026-07-28 09:53:27] [ERROR] Failed local QR code generation: Call to undefined function ImageCreate()
[2026-07-28 09:53:28] [INFO] Mailer Fallback: Sending email to test@patient.com. Subject: Appointment Confirmed
[2026-07-28 09:53:30] [INFO] WhatsApp API Dispatch: Target 919876543210, Template: booking_template
[2026-07-28 09:54:22] [ERROR] Failed local QR code generation: Call to undefined function ImageCreate()
[2026-07-28 09:54:22] [ERROR] Failed local QR code generation: Call to undefined function ImageCreate()
[2026-07-28 09:54:22] [INFO] Mailer Fallback: Sending email to test@patient.com. Subject: Appointment Confirmed
[2026-07-28 09:54:24] [INFO] WhatsApp API Dispatch: Target 919876543210, Template: booking_template
[2026-07-28 09:57:41] [ERROR] Failed local QR code generation: Call to undefined function ImageCreate()
[2026-07-28 09:57:41] [ERROR] Failed local QR code generation: Call to undefined function ImageCreate()
[2026-07-28 09:57:42] [INFO] Mailer Fallback: Sending email to test@patient.com. Subject: Appointment Confirmed
[2026-07-28 09:57:44] [INFO] WhatsApp API Dispatch: Target 919876543210, Template: booking_template
[2026-07-28 09:59:10] [ERROR] Unhandled Exception: SQLSTATE[42S02]: Base table or view not found: 1146 Table 'clinic_db.opd_consultations' doesn't exist {"file":"C:\\xampp\\htdocs\\clinic\\app\\Helpers\\Database.php","line":52,"trace":"#0 C:\\xampp\\htdocs\\clinic\\app\\Helpers\\Database.php(52): PDO->prepare('SELECT COUNT(*)...')\n#1 C:\\xampp\\htdocs\\clinic\\app\\Helpers\\Database.php(62): App\\Helpers\\Database::query('SELECT COUNT(*)...', Array)\n#2 C:\\xampp\\htdocs\\clinic\\app\\Controllers\\AdminController.php(37): App\\Helpers\\Database::row('SELECT COUNT(*)...')\n#3 [internal function]: App\\Controllers\\AdminController->dashboard(Array)\n#4 C:\\xampp\\htdocs\\clinic\\app\\Router.php(80): call_user_func_array(Array, Array)\n#5 C:\\xampp\\htdocs\\clinic\\public\\index.php(213): App\\Router->dispatch('/admin/dashboar...', 'GET')\n#6 {main}"}
[2026-07-28 09:59:57] [ERROR] Failed local QR code generation: Call to undefined function ImageCreate()
[2026-07-28 09:59:58] [ERROR] Failed local QR code generation: Call to undefined function ImageCreate()
[2026-07-28 09:59:58] [INFO] Mailer Fallback: Sending email to test@patient.com. Subject: Appointment Confirmed
[2026-07-28 10:00:00] [INFO] WhatsApp API Dispatch: Target 919876543210, Template: booking_template
[2026-07-28 10:00:09] [ERROR] Unhandled Exception: SQLSTATE[42S22]: Column not found: 1054 Unknown column 'current_stock' in 'where clause' {"file":"C:\\xampp\\htdocs\\clinic\\app\\Helpers\\Database.php","line":52,"trace":"#0 C:\\xampp\\htdocs\\clinic\\app\\Helpers\\Database.php(52): PDO->prepare('SELECT COUNT(*)...')\n#1 C:\\xampp\\htdocs\\clinic\\app\\Helpers\\Database.php(62): App\\Helpers\\Database::query('SELECT COUNT(*)...', Array)\n#2 C:\\xampp\\htdocs\\clinic\\app\\Controllers\\AdminController.php(52): App\\Helpers\\Database::row('SELECT COUNT(*)...')\n#3 [internal function]: App\\Controllers\\AdminController->dashboard(Array)\n#4 C:\\xampp\\htdocs\\clinic\\app\\Router.php(80): call_user_func_array(Array, Array)\n#5 C:\\xampp\\htdocs\\clinic\\public\\index.php(213): App\\Router->dispatch('/admin/dashboar...', 'GET')\n#6 {main}"}
[2026-07-28 10:00:12] [ERROR] Unhandled Exception: SQLSTATE[42S22]: Column not found: 1054 Unknown column 'current_stock' in 'where clause' {"file":"C:\\xampp\\htdocs\\clinic\\app\\Helpers\\Database.php","line":52,"trace":"#0 C:\\xampp\\htdocs\\clinic\\app\\Helpers\\Database.php(52): PDO->prepare('SELECT COUNT(*)...')\n#1 C:\\xampp\\htdocs\\clinic\\app\\Helpers\\Database.php(62): App\\Helpers\\Database::query('SELECT COUNT(*)...', Array)\n#2 C:\\xampp\\htdocs\\clinic\\app\\Controllers\\AdminController.php(52): App\\Helpers\\Database::row('SELECT COUNT(*)...')\n#3 [internal function]: App\\Controllers\\AdminController->dashboard(Array)\n#4 C:\\xampp\\htdocs\\clinic\\app\\Router.php(80): call_user_func_array(Array, Array)\n#5 C:\\xampp\\htdocs\\clinic\\public\\index.php(213): App\\Router->dispatch('/admin/dashboar...', 'GET')\n#6 {main}"}
[2026-07-28 10:00:38] [ERROR] Failed local QR code generation: Call to undefined function ImageCreate()
[2026-07-28 10:00:39] [ERROR] Failed local QR code generation: Call to undefined function ImageCreate()
[2026-07-28 10:00:39] [INFO] Mailer Fallback: Sending email to test@patient.com. Subject: Appointment Confirmed
[2026-07-28 10:00:41] [INFO] WhatsApp API Dispatch: Target 919876543210, Template: booking_template
[2026-07-28 10:01:12] [ERROR] Failed local QR code generation: Call to undefined function ImageCreate()
[2026-07-28 10:08:57] [ERROR] Failed local QR code generation: Call to undefined function ImageCreate()
[2026-07-28 10:08:57] [ERROR] Failed local QR code generation: Call to undefined function ImageCreate()
[2026-07-28 10:08:58] [INFO] Mailer Fallback: Sending email to test@patient.com. Subject: Appointment Confirmed
[2026-07-28 10:09:00] [INFO] WhatsApp API Dispatch: Target 919876543210, Template: booking_template
[2026-07-28 10:16:58] [ERROR] Unhandled Exception: SQLSTATE[HY093]: Invalid parameter number {"file":"C:\\xampp\\htdocs\\clinic\\app\\Helpers\\Database.php","line":53,"trace":"#0 C:\\xampp\\htdocs\\clinic\\app\\Helpers\\Database.php(53): PDOStatement->execute(Array)\n#1 C:\\xampp\\htdocs\\clinic\\app\\Helpers\\Database.php(62): App\\Helpers\\Database::query('SELECT u.*, r.s...', Array)\n#2 C:\\xampp\\htdocs\\clinic\\app\\Models\\User.php(16): App\\Helpers\\Database::row('SELECT u.*, r.s...', Array)\n#3 C:\\xampp\\htdocs\\clinic\\app\\Models\\User.php(37): App\\Models\\User::findByUsername('admin')\n#4 C:\\Users\\Mohit\\.gemini\\antigravity-ide\\brain\\65e9e9a5-6b2d-4d46-bbc4-f424b8cca13c\\scratch\\test_all_logins.php(21): App\\Models\\User::verifyCredentials('admin', 'admin123')\n#5 {main}"}
[2026-07-28 10:17:19] [ERROR] Failed local QR code generation: Call to undefined function ImageCreate()
[2026-07-28 10:17:19] [ERROR] Failed local QR code generation: Call to undefined function ImageCreate()
[2026-07-28 10:17:19] [INFO] Mailer Fallback: Sending email to test@patient.com. Subject: Appointment Confirmed
[2026-07-28 10:17:21] [INFO] WhatsApp API Dispatch: Target 919876543210, Template: booking_template
[2026-07-28 10:38:36] [ERROR] Failed local QR code generation: Call to undefined function ImageCreate()
[2026-07-28 10:38:36] [ERROR] Failed local QR code generation: Call to undefined function ImageCreate()
[2026-07-28 10:38:36] [INFO] Mailer Fallback: Sending email to test@patient.com. Subject: Appointment Confirmed
[2026-07-28 10:38:38] [INFO] WhatsApp API Dispatch: Target 919876543210, Template: booking_template
[2026-07-28 11:13:19] [ERROR] Failed local QR code generation: Call to undefined function ImageCreate()
[2026-07-28 11:13:19] [ERROR] Failed local QR code generation: Call to undefined function ImageCreate()
[2026-07-28 11:13:19] [INFO] Mailer Fallback: Sending email to test@patient.com. Subject: Appointment Confirmed
[2026-07-28 11:13:21] [INFO] WhatsApp API Dispatch: Target 919876543210, Template: booking_template
[2026-07-28 11:19:56] [ERROR] Unhandled Exception: session_regenerate_id(): Session ID cannot be regenerated after headers have already been sent {"file":"C:\\xampp\\htdocs\\clinic\\app\\Helpers\\Session.php","line":259,"trace":"#0 [internal function]: {closure}(2, 'session_regener...', 'C:\\\\xampp\\\\htdocs...', 259)\n#1 C:\\xampp\\htdocs\\clinic\\app\\Helpers\\Session.php(259): session_regenerate_id(true)\n#2 C:\\Users\\Mohit\\.gemini\\antigravity-ide\\brain\\65e9e9a5-6b2d-4d46-bbc4-f424b8cca13c\\scratch\\test_portal_delegation.php(28): App\\Helpers\\Session::login(Array)\n#3 {main}"}
[2026-07-28 11:20:18] [ERROR] Failed local QR code generation: Call to undefined function ImageCreate()
[2026-07-28 11:20:19] [ERROR] Failed local QR code generation: Call to undefined function ImageCreate()
[2026-07-28 11:20:19] [INFO] Mailer Fallback: Sending email to test@patient.com. Subject: Appointment Confirmed
[2026-07-28 11:20:21] [INFO] WhatsApp API Dispatch: Target 919876543210, Template: booking_template
[2026-07-29 11:20:19] [ERROR] Failed local QR code generation: Call to undefined function ImageCreate()
[2026-07-29 11:20:19] [ERROR] Failed local QR code generation: Call to undefined function ImageCreate()
[2026-07-29 11:20:20] [INFO] Mailer Fallback: Sending email to test@patient.com. Subject: Appointment Confirmed
[2026-07-29 11:20:22] [INFO] WhatsApp API Dispatch: Target 919876543210, Template: booking_template
[2026-07-29 11:21:02] [ERROR] Unhandled Exception: Call to undefined method App\Models\Prescription::getByDoctor() {"file":"C:\\xampp\\htdocs\\clinic\\app\\Controllers\\DoctorController.php","line":508,"trace":"#0 [internal function]: App\\Controllers\\DoctorController->prescriptionsIndex(Array)\n#1 C:\\xampp\\htdocs\\clinic\\app\\Router.php(80): call_user_func_array(Array, Array)\n#2 C:\\xampp\\htdocs\\clinic\\public\\index.php(257): App\\Router->dispatch('/doctor/prescri...', 'GET')\n#3 {main}"}
[2026-07-29 11:21:36] [ERROR] Unhandled Exception: Call to undefined method App\Models\Prescription::getByDoctor() {"file":"C:\\xampp\\htdocs\\clinic\\app\\Controllers\\DoctorController.php","line":508,"trace":"#0 [internal function]: App\\Controllers\\DoctorController->prescriptionsIndex(Array)\n#1 C:\\xampp\\htdocs\\clinic\\app\\Router.php(80): call_user_func_array(Array, Array)\n#2 C:\\xampp\\htdocs\\clinic\\public\\index.php(257): App\\Router->dispatch('/doctor/prescri...', 'GET')\n#3 {main}"}
[2026-07-29 11:21:50] [ERROR] Unhandled Exception: Call to undefined method App\Models\Prescription::getByDoctor() {"file":"C:\\xampp\\htdocs\\clinic\\app\\Controllers\\DoctorController.php","line":508,"trace":"#0 [internal function]: App\\Controllers\\DoctorController->prescriptionsIndex(Array)\n#1 C:\\xampp\\htdocs\\clinic\\app\\Router.php(80): call_user_func_array(Array, Array)\n#2 C:\\xampp\\htdocs\\clinic\\public\\index.php(257): App\\Router->dispatch('/doctor/prescri...', 'GET')\n#3 {main}"}
[2026-07-29 11:23:00] [ERROR] Unhandled Exception: Call to undefined method App\Models\Inventory::getLowStockMedicines() {"file":"C:\\xampp\\htdocs\\clinic\\app\\Controllers\\ReceptionController.php","line":82,"trace":"#0 [internal function]: App\\Controllers\\ReceptionController->dashboard(Array)\n#1 C:\\xampp\\htdocs\\clinic\\app\\Router.php(80): call_user_func_array(Array, Array)\n#2 C:\\xampp\\htdocs\\clinic\\public\\index.php(257): App\\Router->dispatch('/reception', 'GET')\n#3 {main}"}
[2026-07-29 11:23:11] [ERROR] Failed local QR code generation: Call to undefined function ImageCreate()
[2026-07-29 11:23:12] [ERROR] Failed local QR code generation: Call to undefined function ImageCreate()
[2026-07-29 11:23:12] [INFO] Mailer Fallback: Sending email to test@patient.com. Subject: Appointment Confirmed
[2026-07-29 11:23:14] [INFO] WhatsApp API Dispatch: Target 919876543210, Template: booking_template
[2026-07-29 11:23:19] [ERROR] Unhandled Exception: Call to undefined method App\Models\Inventory::getLowStockMedicines() {"file":"C:\\xampp\\htdocs\\clinic\\app\\Controllers\\ReceptionController.php","line":82,"trace":"#0 [internal function]: App\\Controllers\\ReceptionController->dashboard(Array)\n#1 C:\\xampp\\htdocs\\clinic\\app\\Router.php(80): call_user_func_array(Array, Array)\n#2 C:\\xampp\\htdocs\\clinic\\public\\index.php(257): App\\Router->dispatch('/reception', 'GET')\n#3 {main}"}
[2026-07-29 11:23:44] [ERROR] Unhandled Exception: Undefined variable $query {"file":"C:\\xampp\\htdocs\\clinic\\views\\admin\\patients\\index.php","line":12,"trace":"#0 C:\\xampp\\htdocs\\clinic\\views\\admin\\patients\\index.php(12): {closure}(2, 'Undefined varia...', 'C:\\\\xampp\\\\htdocs...', 12)\n#1 C:\\xampp\\htdocs\\clinic\\app\\Helpers\\functions.php(47): include('C:\\\\xampp\\\\htdocs...')\n#2 C:\\xampp\\htdocs\\clinic\\app\\Controllers\\ReceptionController.php(108): view('admin.patients....', Array)\n#3 [internal function]: App\\Controllers\\ReceptionController->patientsIndex(Array)\n#4 C:\\xampp\\htdocs\\clinic\\app\\Router.php(80): call_user_func_array(Array, Array)\n#5 C:\\xampp\\htdocs\\clinic\\public\\index.php(257): App\\Router->dispatch('/reception/pati...', 'GET')\n#6 {main}"}
[2026-07-29 11:25:15] [ERROR] Unhandled Exception: View template not found: admin.ipd.beds {"file":"C:\\xampp\\htdocs\\clinic\\app\\Helpers\\functions.php","line":40,"trace":"#0 C:\\xampp\\htdocs\\clinic\\app\\Controllers\\ReceptionController.php(517): view('admin.ipd.beds', Array)\n#1 [internal function]: App\\Controllers\\ReceptionController->ipdBedsView(Array)\n#2 C:\\xampp\\htdocs\\clinic\\app\\Router.php(80): call_user_func_array(Array, Array)\n#3 C:\\xampp\\htdocs\\clinic\\public\\index.php(257): App\\Router->dispatch('/reception/ipd/...', 'GET')\n#4 {main}"}
[2026-07-29 11:25:23] [ERROR] Failed local QR code generation: Call to undefined function ImageCreate()
[2026-07-29 11:25:23] [ERROR] Failed local QR code generation: Call to undefined function ImageCreate()
[2026-07-29 11:25:24] [INFO] Mailer Fallback: Sending email to test@patient.com. Subject: Appointment Confirmed
[2026-07-29 11:25:26] [INFO] WhatsApp API Dispatch: Target 919876543210, Template: booking_template
[2026-07-29 11:25:57] [ERROR] Failed local QR code generation: Call to undefined function ImageCreate()
[2026-07-29 11:25:58] [ERROR] Failed local QR code generation: Call to undefined function ImageCreate()
[2026-07-29 11:25:58] [INFO] Mailer Fallback: Sending email to test@patient.com. Subject: Appointment Confirmed
[2026-07-29 11:26:00] [INFO] WhatsApp API Dispatch: Target 919876543210, Template: booking_template
[2026-07-29 11:29:11] [ERROR] Failed local QR code generation: Call to undefined function ImageCreate()
[2026-07-29 11:29:11] [ERROR] Failed local QR code generation: Call to undefined function ImageCreate()
[2026-07-29 11:29:11] [INFO] Mailer Fallback: Sending email to test@patient.com. Subject: Appointment Confirmed
[2026-07-29 11:29:13] [INFO] WhatsApp API Dispatch: Target 919876543210, Template: booking_template
[2026-07-29 11:30:00] [ERROR] Unhandled Exception: Undefined variable $query {"file":"C:\\xampp\\htdocs\\clinic\\views\\admin\\patients\\index.php","line":12,"trace":"#0 C:\\xampp\\htdocs\\clinic\\views\\admin\\patients\\index.php(12): {closure}(2, 'Undefined varia...', 'C:\\\\xampp\\\\htdocs...', 12)\n#1 C:\\xampp\\htdocs\\clinic\\app\\Helpers\\functions.php(47): include('C:\\\\xampp\\\\htdocs...')\n#2 C:\\xampp\\htdocs\\clinic\\app\\Controllers\\ReceptionController.php(108): view('admin.patients....', Array)\n#3 [internal function]: App\\Controllers\\ReceptionController->patientsIndex(Array)\n#4 C:\\xampp\\htdocs\\clinic\\app\\Router.php(80): call_user_func_array(Array, Array)\n#5 C:\\xampp\\htdocs\\clinic\\public\\index.php(257): App\\Router->dispatch('/reception/pati...', 'GET')\n#6 {main}"}
[2026-07-29 11:30:45] [ERROR] Failed local QR code generation: Call to undefined function ImageCreate()
[2026-07-29 11:32:13] [ERROR] Unhandled Exception: Undefined variable $query {"file":"C:\\xampp\\htdocs\\clinic\\views\\admin\\patients\\index.php","line":12,"trace":"#0 C:\\xampp\\htdocs\\clinic\\views\\admin\\patients\\index.php(12): {closure}(2, 'Undefined varia...', 'C:\\\\xampp\\\\htdocs...', 12)\n#1 C:\\xampp\\htdocs\\clinic\\app\\Helpers\\functions.php(47): include('C:\\\\xampp\\\\htdocs...')\n#2 C:\\xampp\\htdocs\\clinic\\app\\Controllers\\ReceptionController.php(108): view('admin.patients....', Array)\n#3 [internal function]: App\\Controllers\\ReceptionController->patientsIndex(Array)\n#4 C:\\xampp\\htdocs\\clinic\\app\\Router.php(80): call_user_func_array(Array, Array)\n#5 C:\\xampp\\htdocs\\clinic\\public\\index.php(257): App\\Router->dispatch('/reception/pati...', 'GET')\n#6 {main}"}
[2026-07-29 11:32:15] [ERROR] Unhandled Exception: Undefined variable $query {"file":"C:\\xampp\\htdocs\\clinic\\views\\admin\\patients\\index.php","line":12,"trace":"#0 C:\\xampp\\htdocs\\clinic\\views\\admin\\patients\\index.php(12): {closure}(2, 'Undefined varia...', 'C:\\\\xampp\\\\htdocs...', 12)\n#1 C:\\xampp\\htdocs\\clinic\\app\\Helpers\\functions.php(47): include('C:\\\\xampp\\\\htdocs...')\n#2 C:\\xampp\\htdocs\\clinic\\app\\Controllers\\ReceptionController.php(108): view('admin.patients....', Array)\n#3 [internal function]: App\\Controllers\\ReceptionController->patientsIndex(Array)\n#4 C:\\xampp\\htdocs\\clinic\\app\\Router.php(80): call_user_func_array(Array, Array)\n#5 C:\\xampp\\htdocs\\clinic\\public\\index.php(257): App\\Router->dispatch('/reception/pati...', 'GET')\n#6 {main}"}
[2026-07-29 11:32:27] [ERROR] Unhandled Exception: Undefined variable $query {"file":"C:\\xampp\\htdocs\\clinic\\views\\admin\\patients\\index.php","line":12,"trace":"#0 C:\\xampp\\htdocs\\clinic\\views\\admin\\patients\\index.php(12): {closure}(2, 'Undefined varia...', 'C:\\\\xampp\\\\htdocs...', 12)\n#1 C:\\xampp\\htdocs\\clinic\\app\\Helpers\\functions.php(47): include('C:\\\\xampp\\\\htdocs...')\n#2 C:\\xampp\\htdocs\\clinic\\app\\Controllers\\ReceptionController.php(108): view('admin.patients....', Array)\n#3 [internal function]: App\\Controllers\\ReceptionController->patientsIndex(Array)\n#4 C:\\xampp\\htdocs\\clinic\\app\\Router.php(80): call_user_func_array(Array, Array)\n#5 C:\\xampp\\htdocs\\clinic\\public\\index.php(257): App\\Router->dispatch('/reception/pati...', 'GET')\n#6 {main}"}
[2026-07-29 11:33:38] [ERROR] Unhandled Exception: Class "App\Controllers\Billing" not found {"file":"C:\\xampp\\htdocs\\clinic\\app\\Controllers\\IpdController.php","line":211,"trace":"#0 [internal function]: App\\Controllers\\IpdController->discharge(Array)\n#1 C:\\xampp\\htdocs\\clinic\\app\\Router.php(80): call_user_func_array(Array, Array)\n#2 C:\\xampp\\htdocs\\clinic\\public\\index.php(257): App\\Router->dispatch('/admin/ipd/disc...', 'POST')\n#3 {main}"}
[2026-07-29 11:34:19] [ERROR] Failed local QR code generation: Call to undefined function ImageCreate()
[2026-07-29 11:34:19] [ERROR] Failed local QR code generation: Call to undefined function ImageCreate()
[2026-07-29 11:34:19] [INFO] Mailer Fallback: Sending email to test@patient.com. Subject: Appointment Confirmed
[2026-07-29 11:34:22] [INFO] WhatsApp API Dispatch: Target 919876543210, Template: booking_template
[2026-08-01 16:22:11] [INFO] Initiating email transmission to: mohitvashu@outlook.com {"subject":"MedClinic Appointment Booking Verification","smtp_host":"smtp.mailtrap.io","smtp_port":"2525","smtp_secure":"tls","from":"Clinic Management System <no-reply@clinic.com>"}
[2026-08-01 16:22:13] [ERROR] Email send exception: mail(): Failed to connect to mailserver at &quot;localhost&quot; port 25, verify your &quot;SMTP&quot; and &quot;smtp_port&quot; setting in php.ini or use ini_set() {"recipient":"mohitvashu@outlook.com","subject":"MedClinic Appointment Booking Verification"}
[2026-08-04 16:27:41] [ERROR] Unhandled Exception: View template not found: admin.reports.index {"file":"C:\\xampp\\htdocs\\clinic\\app\\Helpers\\functions.php","line":40,"trace":"#0 C:\\xampp\\htdocs\\clinic\\app\\Controllers\\ReceptionController.php(818): view('admin.reports.i...', Array)\n#1 [internal function]: App\\Controllers\\ReceptionController->reportsDashboard(Array)\n#2 C:\\xampp\\htdocs\\clinic\\app\\Router.php(80): call_user_func_array(Array, Array)\n#3 C:\\xampp\\htdocs\\clinic\\public\\index.php(257): App\\Router->dispatch('/reception/repo...', 'GET')\n#4 {main}"}
[2026-08-04 16:27:46] [ERROR] Unhandled Exception: View template not found: admin.reports.index {"file":"C:\\xampp\\htdocs\\clinic\\app\\Helpers\\functions.php","line":40,"trace":"#0 C:\\xampp\\htdocs\\clinic\\app\\Controllers\\ReceptionController.php(818): view('admin.reports.i...', Array)\n#1 [internal function]: App\\Controllers\\ReceptionController->reportsDashboard(Array)\n#2 C:\\xampp\\htdocs\\clinic\\app\\Router.php(80): call_user_func_array(Array, Array)\n#3 C:\\xampp\\htdocs\\clinic\\public\\index.php(257): App\\Router->dispatch('/reception/repo...', 'GET')\n#4 {main}"}
[2026-08-04 16:36:27] [ERROR] Unhandled Exception: Undefined array key "email" {"file":"C:\\xampp\\htdocs\\clinic\\app\\Helpers\\Session.php","line":264,"trace":"#0 C:\\xampp\\htdocs\\clinic\\app\\Helpers\\Session.php(264): {closure}(2, 'Undefined array...', 'C:\\\\xampp\\\\htdocs...', 264)\n#1 C:\\Users\\Mohit\\.gemini\\antigravity-ide\\brain\\0e27c295-fdbe-49a9-acc6-384ed701edbf\\scratch\\test_report.php(3): App\\Helpers\\Session::login(Array)\n#2 {main}"}
[2026-08-04 16:42:09] [ERROR] Unhandled Exception: syntax error, unexpected token "public" {"file":"C:\\xampp\\htdocs\\clinic\\app\\Controllers\\ReceptionController.php","line":876,"trace":"#0 [internal function]: {closure}('App\\\\Controllers...')\n#1 C:\\xampp\\htdocs\\clinic\\app\\Router.php(70): class_exists('App\\\\Controllers...')\n#2 C:\\xampp\\htdocs\\clinic\\public\\index.php(267): App\\Router->dispatch('/reception', 'GET')\n#3 {main}"}
[2026-08-04 16:43:33] [ERROR] Unhandled Exception: syntax error, unexpected token "public" {"file":"C:\\xampp\\htdocs\\clinic\\app\\Controllers\\ReceptionController.php","line":876,"trace":"#0 C:\\Users\\Mohit\\.gemini\\antigravity-ide\\brain\\0e27c295-fdbe-49a9-acc6-384ed701edbf\\scratch\\test_reception_module.php(15): {closure}('App\\\\Controllers...')\n#1 {main}"}
[2026-08-04 16:43:46] [ERROR] Unhandled Exception: syntax error, unexpected token "public" {"file":"C:\\xampp\\htdocs\\clinic\\app\\Controllers\\ReceptionController.php","line":876,"trace":"#0 [internal function]: {closure}('App\\\\Controllers...')\n#1 C:\\xampp\\htdocs\\clinic\\app\\Router.php(70): class_exists('App\\\\Controllers...')\n#2 C:\\xampp\\htdocs\\clinic\\public\\index.php(267): App\\Router->dispatch('/reception', 'GET')\n#3 {main}"}
[2026-08-04 16:58:04] [ERROR] Unhandled Exception: Call to undefined method App\Models\Attendance::getLeavesList() {"file":"C:\\xampp\\htdocs\\clinic\\app\\Controllers\\AttendanceController.php","line":67,"trace":"#0 [internal function]: App\\Controllers\\AttendanceController->leavesList(Array)\n#1 C:\\xampp\\htdocs\\clinic\\app\\Router.php(80): call_user_func_array(Array, Array)\n#2 C:\\xampp\\htdocs\\clinic\\public\\index.php(267): App\\Router->dispatch('/admin/employee...', 'GET')\n#3 {main}"}
[2026-08-05 11:10:50] [ERROR] Database Connection Failed: SQLSTATE[HY000] [2002] No connection could be made because the target machine actively refused it {"host":"127.0.0.1","db":"clinic_db"}
[2026-08-05 11:10:50] [ERROR] Unhandled Exception: Database connection error. Please contact administrative support. {"file":"C:\\MAMP\\htdocs\\2026\\clinic\\app\\Helpers\\Database.php","line":40,"trace":"#0 C:\\MAMP\\htdocs\\2026\\clinic\\app\\Helpers\\Database.php(52): App\\Helpers\\Database::getConnection()\n#1 C:\\MAMP\\htdocs\\2026\\clinic\\app\\Helpers\\Database.php(72): App\\Helpers\\Database::query('SELECT config_k...', Array)\n#2 C:\\MAMP\\htdocs\\2026\\clinic\\app\\Models\\Cms.php(14): App\\Helpers\\Database::all('SELECT config_k...')\n#3 C:\\MAMP\\htdocs\\2026\\clinic\\app\\Controllers\\WebsiteController.php(19): App\\Models\\Cms::getSettings()\n#4 [internal function]: App\\Controllers\\WebsiteController::home(Array)\n#5 C:\\MAMP\\htdocs\\2026\\clinic\\app\\Router.php(80): call_user_func_array(Array, Array)\n#6 C:\\MAMP\\htdocs\\2026\\clinic\\public\\index.php(267): App\\Router->dispatch('/', 'GET')\n#7 {main}"}
[2026-08-08 20:53:30] [ERROR] Failed local QR code generation: Call to undefined function ImageCreate()
[2026-08-08 20:53:31] [ERROR] Failed local QR code generation: Call to undefined function ImageCreate()
[2026-08-08 20:54:36] [ERROR] Failed local QR code generation: Call to undefined function ImageCreate()
[2026-08-08 20:54:51] [ERROR] Failed local QR code generation: Call to undefined function ImageCreate()
[2026-08-08 20:54:52] [ERROR] Failed local QR code generation: Call to undefined function ImageCreate()
[2026-08-08 20:55:12] [ERROR] Failed local QR code generation: Call to undefined function ImageCreate()
[2026-08-08 20:55:13] [ERROR] Failed local QR code generation: Call to undefined function ImageCreate()
[2026-08-08 20:55:40] [ERROR] Failed local QR code generation: Call to undefined function ImageCreate()
[2026-08-08 20:55:41] [ERROR] Failed local QR code generation: Call to undefined function ImageCreate()
[2026-08-08 20:55:41] [INFO] Mailer Fallback: Sending email to test@patient.com. Subject: Appointment Confirmed
[2026-08-08 20:55:43] [INFO] WhatsApp API Dispatch: Target 919876543210, Template: booking_template
[2026-08-08 20:55:59] [ERROR] Failed local QR code generation: Call to undefined function ImageCreate()
[2026-08-08 20:56:00] [ERROR] Failed local QR code generation: Call to undefined function ImageCreate()
[2026-08-08 20:56:01] [INFO] Mailer Fallback: Sending email to test@patient.com. Subject: Appointment Confirmed
[2026-08-08 20:56:03] [INFO] WhatsApp API Dispatch: Target 919876543210, Template: booking_template
[2026-08-08 21:00:26] [ERROR] Unhandled Exception: SQLSTATE[HY000]: General error: 3065 Expression #1 of ORDER BY clause is not in SELECT list, references column 'clinic_db.a.id' which is not in SELECT list; this is incompatible with DISTINCT {"file":"C:\\MAMP\\htdocs\\2026\\clinic\\app\\Helpers\\Database.php","line":52,"trace":"#0 C:\\MAMP\\htdocs\\2026\\clinic\\app\\Helpers\\Database.php(52): PDO->prepare('SELECT DISTINCT...')\n#1 C:\\MAMP\\htdocs\\2026\\clinic\\app\\Helpers\\Database.php(72): App\\Helpers\\Database::query('SELECT DISTINCT...', Array)\n#2 C:\\MAMP\\htdocs\\2026\\clinic\\app\\Controllers\\DoctorController.php(65): App\\Helpers\\Database::all('SELECT DISTINCT...', Array)\n#3 [internal function]: App\\Controllers\\DoctorController->dashboard(Array)\n#4 C:\\MAMP\\htdocs\\2026\\clinic\\app\\Router.php(80): call_user_func_array(Array, Array)\n#5 C:\\MAMP\\htdocs\\2026\\clinic\\public\\index.php(267): App\\Router->dispatch('/doctor', 'GET')\n#6 {main}"}
[2026-08-08 21:00:32] [ERROR] Unhandled Exception: SQLSTATE[HY000]: General error: 3065 Expression #1 of ORDER BY clause is not in SELECT list, references column 'clinic_db.a.id' which is not in SELECT list; this is incompatible with DISTINCT {"file":"C:\\MAMP\\htdocs\\2026\\clinic\\app\\Helpers\\Database.php","line":52,"trace":"#0 C:\\MAMP\\htdocs\\2026\\clinic\\app\\Helpers\\Database.php(52): PDO->prepare('SELECT DISTINCT...')\n#1 C:\\MAMP\\htdocs\\2026\\clinic\\app\\Helpers\\Database.php(72): App\\Helpers\\Database::query('SELECT DISTINCT...', Array)\n#2 C:\\MAMP\\htdocs\\2026\\clinic\\app\\Controllers\\DoctorController.php(65): App\\Helpers\\Database::all('SELECT DISTINCT...', Array)\n#3 [internal function]: App\\Controllers\\DoctorController->dashboard(Array)\n#4 C:\\MAMP\\htdocs\\2026\\clinic\\app\\Router.php(80): call_user_func_array(Array, Array)\n#5 C:\\MAMP\\htdocs\\2026\\clinic\\public\\index.php(267): App\\Router->dispatch('/doctor', 'GET')\n#6 {main}"}
[2026-08-08 21:05:19] [ERROR] Unhandled Exception: SQLSTATE[HY000]: General error: 3065 Expression #1 of ORDER BY clause is not in SELECT list, references column 'clinic_db.a.id' which is not in SELECT list; this is incompatible with DISTINCT {"file":"C:\\MAMP\\htdocs\\2026\\clinic\\app\\Helpers\\Database.php","line":52,"trace":"#0 C:\\MAMP\\htdocs\\2026\\clinic\\app\\Helpers\\Database.php(52): PDO->prepare('SELECT DISTINCT...')\n#1 C:\\MAMP\\htdocs\\2026\\clinic\\app\\Helpers\\Database.php(72): App\\Helpers\\Database::query('SELECT DISTINCT...', Array)\n#2 C:\\MAMP\\htdocs\\2026\\clinic\\app\\Controllers\\DoctorController.php(65): App\\Helpers\\Database::all('SELECT DISTINCT...', Array)\n#3 [internal function]: App\\Controllers\\DoctorController->dashboard(Array)\n#4 C:\\MAMP\\htdocs\\2026\\clinic\\app\\Router.php(80): call_user_func_array(Array, Array)\n#5 C:\\MAMP\\htdocs\\2026\\clinic\\public\\index.php(267): App\\Router->dispatch('/doctor', 'GET')\n#6 {main}"}
[2026-08-08 21:05:38] [ERROR] Unhandled Exception: SQLSTATE[HY000]: General error: 3065 Expression #1 of ORDER BY clause is not in SELECT list, references column 'clinic_db.a.id' which is not in SELECT list; this is incompatible with DISTINCT {"file":"C:\\MAMP\\htdocs\\2026\\clinic\\app\\Helpers\\Database.php","line":52,"trace":"#0 C:\\MAMP\\htdocs\\2026\\clinic\\app\\Helpers\\Database.php(52): PDO->prepare('SELECT DISTINCT...')\n#1 C:\\MAMP\\htdocs\\2026\\clinic\\app\\Helpers\\Database.php(72): App\\Helpers\\Database::query('SELECT DISTINCT...', Array)\n#2 C:\\MAMP\\htdocs\\2026\\clinic\\app\\Controllers\\DoctorController.php(65): App\\Helpers\\Database::all('SELECT DISTINCT...', Array)\n#3 [internal function]: App\\Controllers\\DoctorController->dashboard(Array)\n#4 C:\\MAMP\\htdocs\\2026\\clinic\\app\\Router.php(80): call_user_func_array(Array, Array)\n#5 C:\\MAMP\\htdocs\\2026\\clinic\\public\\index.php(267): App\\Router->dispatch('/doctor', 'GET')\n#6 {main}"}
[2026-08-08 21:05:58] [ERROR] Unhandled Exception: SQLSTATE[HY000]: General error: 3065 Expression #1 of ORDER BY clause is not in SELECT list, references column 'clinic_db.a.id' which is not in SELECT list; this is incompatible with DISTINCT {"file":"C:\\MAMP\\htdocs\\2026\\clinic\\app\\Helpers\\Database.php","line":52,"trace":"#0 C:\\MAMP\\htdocs\\2026\\clinic\\app\\Helpers\\Database.php(52): PDO->prepare('SELECT DISTINCT...')\n#1 C:\\MAMP\\htdocs\\2026\\clinic\\app\\Helpers\\Database.php(72): App\\Helpers\\Database::query('SELECT DISTINCT...', Array)\n#2 C:\\MAMP\\htdocs\\2026\\clinic\\app\\Controllers\\DoctorController.php(65): App\\Helpers\\Database::all('SELECT DISTINCT...', Array)\n#3 [internal function]: App\\Controllers\\DoctorController->dashboard(Array)\n#4 C:\\MAMP\\htdocs\\2026\\clinic\\app\\Router.php(80): call_user_func_array(Array, Array)\n#5 C:\\MAMP\\htdocs\\2026\\clinic\\public\\index.php(267): App\\Router->dispatch('/doctor', 'GET')\n#6 {main}"}
[2026-08-09 11:28:12] [ERROR] Unhandled Exception: SQLSTATE[42000]: Syntax error or access violation: 1055 Expression #1 of SELECT list is not in GROUP BY clause and contains nonaggregated column 'clinic_db.patients.created_at' which is not functionally dependent on columns in GROUP BY clause; this is incompatible with sql_mode=only_full_group_by {"file":"C:\\MAMP\\htdocs\\2026\\clinic\\app\\Helpers\\Database.php","line":52,"trace":"#0 C:\\MAMP\\htdocs\\2026\\clinic\\app\\Helpers\\Database.php(52): PDO->prepare('SELECT DATE_FOR...')\n#1 C:\\MAMP\\htdocs\\2026\\clinic\\app\\Helpers\\Database.php(72): App\\Helpers\\Database::query('SELECT DATE_FOR...', Array)\n#2 C:\\MAMP\\htdocs\\2026\\clinic\\app\\Controllers\\ReportsController.php(69): App\\Helpers\\Database::all('SELECT DATE_FOR...', Array)\n#3 [internal function]: App\\Controllers\\ReportsController->dashboard(Array)\n#4 C:\\MAMP\\htdocs\\2026\\clinic\\app\\Router.php(80): call_user_func_array(Array, Array)\n#5 C:\\MAMP\\htdocs\\2026\\clinic\\public\\index.php(267): App\\Router->dispatch('/admin/reports', 'GET')\n#6 {main}"}
[2026-08-09 11:28:47] [ERROR] Unhandled Exception: SQLSTATE[42000]: Syntax error or access violation: 1055 Expression #1 of SELECT list is not in GROUP BY clause and contains nonaggregated column 'clinic_db.patients.created_at' which is not functionally dependent on columns in GROUP BY clause; this is incompatible with sql_mode=only_full_group_by {"file":"C:\\MAMP\\htdocs\\2026\\clinic\\app\\Helpers\\Database.php","line":52,"trace":"#0 C:\\MAMP\\htdocs\\2026\\clinic\\app\\Helpers\\Database.php(52): PDO->prepare('SELECT DATE_FOR...')\n#1 C:\\MAMP\\htdocs\\2026\\clinic\\app\\Helpers\\Database.php(72): App\\Helpers\\Database::query('SELECT DATE_FOR...', Array)\n#2 C:\\MAMP\\htdocs\\2026\\clinic\\app\\Controllers\\ReportsController.php(69): App\\Helpers\\Database::all('SELECT DATE_FOR...', Array)\n#3 [internal function]: App\\Controllers\\ReportsController->dashboard(Array)\n#4 C:\\MAMP\\htdocs\\2026\\clinic\\app\\Router.php(80): call_user_func_array(Array, Array)\n#5 C:\\MAMP\\htdocs\\2026\\clinic\\public\\index.php(267): App\\Router->dispatch('/admin/reports', 'GET')\n#6 {main}"}
[2026-08-09 23:39:11] [INFO] Initiating email transmission to: shuvajitkarmakar82@gmail.com {"subject":"MedClinic Appointment Booking Verification","smtp_host":"smtp.mailtrap.io","smtp_port":"2525","smtp_secure":"tls","from":"Clinic Management System <no-reply@clinic.com>"}
[2026-08-09 23:39:14] [ERROR] Email send exception: mail(): Failed to connect to mailserver at &quot;localhost&quot; port 25, verify your &quot;SMTP&quot; and &quot;smtp_port&quot; setting in php.ini or use ini_set() {"recipient":"shuvajitkarmakar82@gmail.com","subject":"MedClinic Appointment Booking Verification"}
[2026-08-10 19:29:23] [ERROR] Database Connection Failed: SQLSTATE[HY000] [2002] No connection could be made because the target machine actively refused it {"host":"127.0.0.1","db":"clinic_db"}
[2026-08-10 19:29:23] [ERROR] Unhandled Exception: Database connection error. Please contact administrative support. {"file":"C:\\MAMP\\htdocs\\2026\\clinic\\app\\Helpers\\Database.php","line":40,"trace":"#0 C:\\MAMP\\htdocs\\2026\\clinic\\app\\Helpers\\Database.php(52): App\\Helpers\\Database::getConnection()\n#1 C:\\MAMP\\htdocs\\2026\\clinic\\app\\Helpers\\Database.php(72): App\\Helpers\\Database::query('SELECT config_k...', Array)\n#2 C:\\MAMP\\htdocs\\2026\\clinic\\app\\Models\\Cms.php(14): App\\Helpers\\Database::all('SELECT config_k...')\n#3 C:\\MAMP\\htdocs\\2026\\clinic\\app\\Controllers\\WebsiteController.php(19): App\\Models\\Cms::getSettings()\n#4 [internal function]: App\\Controllers\\WebsiteController::home(Array)\n#5 C:\\MAMP\\htdocs\\2026\\clinic\\app\\Router.php(80): call_user_func_array(Array, Array)\n#6 C:\\MAMP\\htdocs\\2026\\clinic\\public\\index.php(268): App\\Router->dispatch('/', 'GET')\n#7 C:\\MAMP\\htdocs\\2026\\clinic\\index.php(3): require_once('C:\\\\MAMP\\\\htdocs\\\\...')\n#8 {main}"}
[2026-08-10 19:37:07] [ERROR] Unhandled Exception: syntax error, unexpected token "public", expecting end of file {"file":"C:\\MAMP\\htdocs\\2026\\clinic\\app\\Models\\Employee.php","line":279,"trace":"#0 C:\\MAMP\\htdocs\\2026\\clinic\\app\\Controllers\\EmployeeController.php(320): {closure}('App\\\\Models\\\\Empl...')\n#1 [internal function]: App\\Controllers\\EmployeeController->attendance(Array)\n#2 C:\\MAMP\\htdocs\\2026\\clinic\\app\\Router.php(80): call_user_func_array(Array, Array)\n#3 C:\\MAMP\\htdocs\\2026\\clinic\\public\\index.php(282): App\\Router->dispatch('/admin/employee...', 'GET')\n#4 {main}"}
[2026-08-10 19:38:15] [ERROR] Unhandled Exception: syntax error, unexpected token "public", expecting end of file {"file":"C:\\MAMP\\htdocs\\2026\\clinic\\app\\Models\\Employee.php","line":279,"trace":"#0 C:\\MAMP\\htdocs\\2026\\clinic\\app\\Controllers\\EmployeeController.php(320): {closure}('App\\\\Models\\\\Empl...')\n#1 [internal function]: App\\Controllers\\EmployeeController->attendance(Array)\n#2 C:\\MAMP\\htdocs\\2026\\clinic\\app\\Router.php(80): call_user_func_array(Array, Array)\n#3 C:\\MAMP\\htdocs\\2026\\clinic\\public\\index.php(282): App\\Router->dispatch('/admin/employee...', 'GET')\n#4 {main}"}
[2026-08-10 19:41:49] [ERROR] Unhandled Exception: syntax error, unexpected token "public", expecting end of file {"file":"C:\\MAMP\\htdocs\\2026\\clinic\\app\\Controllers\\AttendanceController.php","line":137,"trace":"#0 [internal function]: {closure}('App\\\\Controllers...')\n#1 C:\\MAMP\\htdocs\\2026\\clinic\\app\\Router.php(70): class_exists('App\\\\Controllers...')\n#2 C:\\MAMP\\htdocs\\2026\\clinic\\public\\index.php(282): App\\Router->dispatch('/admin/employee...', 'GET')\n#3 {main}"}
[2026-08-10 19:41:56] [ERROR] Unhandled Exception: syntax error, unexpected token "public", expecting end of file {"file":"C:\\MAMP\\htdocs\\2026\\clinic\\app\\Controllers\\AttendanceController.php","line":137,"trace":"#0 [internal function]: {closure}('App\\\\Controllers...')\n#1 C:\\MAMP\\htdocs\\2026\\clinic\\app\\Router.php(70): class_exists('App\\\\Controllers...')\n#2 C:\\MAMP\\htdocs\\2026\\clinic\\public\\index.php(282): App\\Router->dispatch('/admin/attendan...', 'GET')\n#3 {main}"}
[2026-08-10 19:42:01] [ERROR] Unhandled Exception: syntax error, unexpected token "public", expecting end of file {"file":"C:\\MAMP\\htdocs\\2026\\clinic\\app\\Controllers\\AttendanceController.php","line":137,"trace":"#0 [internal function]: {closure}('App\\\\Controllers...')\n#1 C:\\MAMP\\htdocs\\2026\\clinic\\app\\Router.php(70): class_exists('App\\\\Controllers...')\n#2 C:\\MAMP\\htdocs\\2026\\clinic\\public\\index.php(282): App\\Router->dispatch('/admin/employee...', 'GET')\n#3 {main}"}
[2026-08-10 19:46:45] [ERROR] Unhandled Exception: include(C:\MAMP\htdocs\2026\clinic/views/admin/attendance/scan.php): Failed to open stream: No such file or directory {"file":"C:\\MAMP\\htdocs\\2026\\clinic\\app\\Controllers\\AttendanceController.php","line":134,"trace":"#0 C:\\MAMP\\htdocs\\2026\\clinic\\app\\Controllers\\AttendanceController.php(134): {closure}(2, 'include(C:\\\\MAMP...', 'C:\\\\MAMP\\\\htdocs\\\\...', 134)\n#1 C:\\MAMP\\htdocs\\2026\\clinic\\app\\Controllers\\AttendanceController.php(134): include()\n#2 [internal function]: App\\Controllers\\AttendanceController->scanAttendance(Array)\n#3 C:\\MAMP\\htdocs\\2026\\clinic\\app\\Router.php(80): call_user_func_array(Array, Array)\n#4 C:\\MAMP\\htdocs\\2026\\clinic\\public\\index.php(282): App\\Router->dispatch('/admin/attendan...', 'GET')\n#5 {main}"}
[2026-08-10 19:49:28] [ERROR] Unhandled Exception: include(C:\MAMP\htdocs\2026\clinic/views/admin/attendance/scan.php): Failed to open stream: No such file or directory {"file":"C:\\MAMP\\htdocs\\2026\\clinic\\app\\Controllers\\AttendanceController.php","line":134,"trace":"#0 C:\\MAMP\\htdocs\\2026\\clinic\\app\\Controllers\\AttendanceController.php(134): {closure}(2, 'include(C:\\\\MAMP...', 'C:\\\\MAMP\\\\htdocs\\\\...', 134)\n#1 C:\\MAMP\\htdocs\\2026\\clinic\\app\\Controllers\\AttendanceController.php(134): include()\n#2 [internal function]: App\\Controllers\\AttendanceController->scanAttendance(Array)\n#3 C:\\MAMP\\htdocs\\2026\\clinic\\app\\Router.php(80): call_user_func_array(Array, Array)\n#4 C:\\MAMP\\htdocs\\2026\\clinic\\public\\index.php(282): App\\Router->dispatch('/admin/attendan...', 'GET')\n#5 {main}"}
[2026-08-10 19:49:29] [ERROR] Unhandled Exception: include(C:\MAMP\htdocs\2026\clinic/views/admin/attendance/scan.php): Failed to open stream: No such file or directory {"file":"C:\\MAMP\\htdocs\\2026\\clinic\\app\\Controllers\\AttendanceController.php","line":134,"trace":"#0 C:\\MAMP\\htdocs\\2026\\clinic\\app\\Controllers\\AttendanceController.php(134): {closure}(2, 'include(C:\\\\MAMP...', 'C:\\\\MAMP\\\\htdocs\\\\...', 134)\n#1 C:\\MAMP\\htdocs\\2026\\clinic\\app\\Controllers\\AttendanceController.php(134): include()\n#2 [internal function]: App\\Controllers\\AttendanceController->scanAttendance(Array)\n#3 C:\\MAMP\\htdocs\\2026\\clinic\\app\\Router.php(80): call_user_func_array(Array, Array)\n#4 C:\\MAMP\\htdocs\\2026\\clinic\\public\\index.php(282): App\\Router->dispatch('/admin/attendan...', 'GET')\n#5 {main}"}
[2026-08-10 19:49:29] [ERROR] Unhandled Exception: include(C:\MAMP\htdocs\2026\clinic/views/admin/attendance/scan.php): Failed to open stream: No such file or directory {"file":"C:\\MAMP\\htdocs\\2026\\clinic\\app\\Controllers\\AttendanceController.php","line":134,"trace":"#0 C:\\MAMP\\htdocs\\2026\\clinic\\app\\Controllers\\AttendanceController.php(134): {closure}(2, 'include(C:\\\\MAMP...', 'C:\\\\MAMP\\\\htdocs\\\\...', 134)\n#1 C:\\MAMP\\htdocs\\2026\\clinic\\app\\Controllers\\AttendanceController.php(134): include()\n#2 [internal function]: App\\Controllers\\AttendanceController->scanAttendance(Array)\n#3 C:\\MAMP\\htdocs\\2026\\clinic\\app\\Router.php(80): call_user_func_array(Array, Array)\n#4 C:\\MAMP\\htdocs\\2026\\clinic\\public\\index.php(282): App\\Router->dispatch('/admin/attendan...', 'GET')\n#5 {main}"}
[2026-08-10 19:49:30] [ERROR] Unhandled Exception: include(C:\MAMP\htdocs\2026\clinic/views/admin/attendance/scan.php): Failed to open stream: No such file or directory {"file":"C:\\MAMP\\htdocs\\2026\\clinic\\app\\Controllers\\AttendanceController.php","line":134,"trace":"#0 C:\\MAMP\\htdocs\\2026\\clinic\\app\\Controllers\\AttendanceController.php(134): {closure}(2, 'include(C:\\\\MAMP...', 'C:\\\\MAMP\\\\htdocs\\\\...', 134)\n#1 C:\\MAMP\\htdocs\\2026\\clinic\\app\\Controllers\\AttendanceController.php(134): include()\n#2 [internal function]: App\\Controllers\\AttendanceController->scanAttendance(Array)\n#3 C:\\MAMP\\htdocs\\2026\\clinic\\app\\Router.php(80): call_user_func_array(Array, Array)\n#4 C:\\MAMP\\htdocs\\2026\\clinic\\public\\index.php(282): App\\Router->dispatch('/admin/attendan...', 'GET')\n#5 {main}"}
[2026-08-10 19:50:07] [ERROR] Unhandled Exception: include(C:\MAMP\htdocs\2026\clinic/views/admin/attendance/scan.php): Failed to open stream: No such file or directory {"file":"C:\\MAMP\\htdocs\\2026\\clinic\\app\\Controllers\\AttendanceController.php","line":134,"trace":"#0 C:\\MAMP\\htdocs\\2026\\clinic\\app\\Controllers\\AttendanceController.php(134): {closure}(2, 'include(C:\\\\MAMP...', 'C:\\\\MAMP\\\\htdocs\\\\...', 134)\n#1 C:\\MAMP\\htdocs\\2026\\clinic\\app\\Controllers\\AttendanceController.php(134): include()\n#2 [internal function]: App\\Controllers\\AttendanceController->scanAttendance(Array)\n#3 C:\\MAMP\\htdocs\\2026\\clinic\\app\\Router.php(80): call_user_func_array(Array, Array)\n#4 C:\\MAMP\\htdocs\\2026\\clinic\\public\\index.php(292): App\\Router->dispatch('/admin/attendan...', 'GET')\n#5 {main}"}
[2026-08-10 20:08:10] [ERROR] Unhandled Exception: Routing failure: Action method 'attendanceReport' does not exist in 'App\Controllers\AttendanceController'. {"file":"C:\\MAMP\\htdocs\\2026\\clinic\\app\\Router.php","line":76,"trace":"#0 C:\\MAMP\\htdocs\\2026\\clinic\\public\\index.php(299): App\\Router->dispatch('/admin/attendan...', 'GET')\n#1 {main}"}
[2026-08-10 20:58:51] [ERROR] Unhandled Exception: SQLSTATE[42000]: Syntax error or access violation: 1055 Expression #1 of SELECT list is not in GROUP BY clause and contains nonaggregated column 'clinic_db.patients.created_at' which is not functionally dependent on columns in GROUP BY clause; this is incompatible with sql_mode=only_full_group_by {"file":"C:\\MAMP\\htdocs\\2026\\clinic\\app\\Helpers\\Database.php","line":52,"trace":"#0 C:\\MAMP\\htdocs\\2026\\clinic\\app\\Helpers\\Database.php(52): PDO->prepare('SELECT DATE_FOR...')\n#1 C:\\MAMP\\htdocs\\2026\\clinic\\app\\Helpers\\Database.php(72): App\\Helpers\\Database::query('SELECT DATE_FOR...', Array)\n#2 C:\\MAMP\\htdocs\\2026\\clinic\\app\\Controllers\\ReportsController.php(69): App\\Helpers\\Database::all('SELECT DATE_FOR...', Array)\n#3 [internal function]: App\\Controllers\\ReportsController->dashboard(Array)\n#4 C:\\MAMP\\htdocs\\2026\\clinic\\app\\Router.php(80): call_user_func_array(Array, Array)\n#5 C:\\MAMP\\htdocs\\2026\\clinic\\public\\index.php(299): App\\Router->dispatch('/admin/reports', 'GET')\n#6 {main}"}
[2026-08-10 21:48:48] [ERROR] Unhandled Exception: Call to undefined method App\Models\Appointment::checkSlotAvailability() {"file":"C:\\MAMP\\htdocs\\2026\\clinic\\app\\Controllers\\AppointmentController.php","line":284,"trace":"#0 [internal function]: App\\Controllers\\AppointmentController->submitOnlineBooking(Array)\n#1 C:\\MAMP\\htdocs\\2026\\clinic\\app\\Router.php(80): call_user_func_array(Array, Array)\n#2 C:\\MAMP\\htdocs\\2026\\clinic\\public\\index.php(331): App\\Router->dispatch('/appointments/b...', 'POST')\n#3 {main}"}
[2026-08-10 21:51:35] [ERROR] Unhandled Exception: View template not found: website.booking_success {"file":"C:\\MAMP\\htdocs\\2026\\clinic\\app\\Helpers\\functions.php","line":40,"trace":"#0 C:\\MAMP\\htdocs\\2026\\clinic\\app\\Controllers\\AppointmentController.php(345): view('website.booking...', Array)\n#1 [internal function]: App\\Controllers\\AppointmentController->bookingSuccess(Array)\n#2 C:\\MAMP\\htdocs\\2026\\clinic\\app\\Router.php(80): call_user_func_array(Array, Array)\n#3 C:\\MAMP\\htdocs\\2026\\clinic\\public\\index.php(331): App\\Router->dispatch('/appointments/b...', 'GET')\n#4 {main}"}
[2026-08-10 21:52:57] [ERROR] Unhandled Exception: View template not found: website.booking_success {"file":"C:\\MAMP\\htdocs\\2026\\clinic\\app\\Helpers\\functions.php","line":40,"trace":"#0 C:\\MAMP\\htdocs\\2026\\clinic\\app\\Controllers\\AppointmentController.php(345): view('website.booking...', Array)\n#1 [internal function]: App\\Controllers\\AppointmentController->bookingSuccess(Array)\n#2 C:\\MAMP\\htdocs\\2026\\clinic\\app\\Router.php(80): call_user_func_array(Array, Array)\n#3 C:\\MAMP\\htdocs\\2026\\clinic\\public\\index.php(331): App\\Router->dispatch('/appointments/b...', 'GET')\n#4 {main}"}
[2026-08-10 21:57:09] [ERROR] Unhandled Exception: View template not found: website.booking_success {"file":"C:\\MAMP\\htdocs\\2026\\clinic\\app\\Helpers\\functions.php","line":40,"trace":"#0 C:\\MAMP\\htdocs\\2026\\clinic\\app\\Controllers\\AppointmentController.php(315): view('website.booking...', Array)\n#1 [internal function]: App\\Controllers\\AppointmentController->bookingSuccess(Array)\n#2 C:\\MAMP\\htdocs\\2026\\clinic\\app\\Router.php(80): call_user_func_array(Array, Array)\n#3 C:\\MAMP\\htdocs\\2026\\clinic\\public\\index.php(331): App\\Router->dispatch('/appointments/b...', 'GET')\n#4 {main}"}
[2026-08-11 12:27:39] [ERROR] Unhandled Exception: str_pad(): Argument #1 ($string) must be of type string, int given {"file":"C:\\MAMP\\htdocs\\2026\\clinic\\app\\Controllers\\EmployeeController.php","line":410,"trace":"#0 C:\\MAMP\\htdocs\\2026\\clinic\\app\\Controllers\\EmployeeController.php(410): str_pad(31, 5, '0', 0)\n#1 [internal function]: App\\Controllers\\EmployeeController->generateIDCards(Array)\n#2 C:\\MAMP\\htdocs\\2026\\clinic\\app\\Router.php(80): call_user_func_array(Array, Array)\n#3 C:\\MAMP\\htdocs\\2026\\clinic\\public\\index.php(343): App\\Router->dispatch('/admin/employee...', 'POST')\n#4 {main}"}
[2026-08-11 12:27:40] [ERROR] Unhandled Exception: str_pad(): Argument #1 ($string) must be of type string, int given {"file":"C:\\MAMP\\htdocs\\2026\\clinic\\app\\Controllers\\EmployeeController.php","line":410,"trace":"#0 C:\\MAMP\\htdocs\\2026\\clinic\\app\\Controllers\\EmployeeController.php(410): str_pad(31, 5, '0', 0)\n#1 [internal function]: App\\Controllers\\EmployeeController->generateIDCards(Array)\n#2 C:\\MAMP\\htdocs\\2026\\clinic\\app\\Router.php(80): call_user_func_array(Array, Array)\n#3 C:\\MAMP\\htdocs\\2026\\clinic\\public\\index.php(343): App\\Router->dispatch('/admin/employee...', 'POST')\n#4 {main}"}
[2026-08-11 12:27:41] [ERROR] Unhandled Exception: str_pad(): Argument #1 ($string) must be of type string, int given {"file":"C:\\MAMP\\htdocs\\2026\\clinic\\app\\Controllers\\EmployeeController.php","line":410,"trace":"#0 C:\\MAMP\\htdocs\\2026\\clinic\\app\\Controllers\\EmployeeController.php(410): str_pad(31, 5, '0', 0)\n#1 [internal function]: App\\Controllers\\EmployeeController->generateIDCards(Array)\n#2 C:\\MAMP\\htdocs\\2026\\clinic\\app\\Router.php(80): call_user_func_array(Array, Array)\n#3 C:\\MAMP\\htdocs\\2026\\clinic\\public\\index.php(343): App\\Router->dispatch('/admin/employee...', 'POST')\n#4 {main}"}
[2026-08-11 12:27:43] [ERROR] Unhandled Exception: str_pad(): Argument #1 ($string) must be of type string, int given {"file":"C:\\MAMP\\htdocs\\2026\\clinic\\app\\Controllers\\EmployeeController.php","line":410,"trace":"#0 C:\\MAMP\\htdocs\\2026\\clinic\\app\\Controllers\\EmployeeController.php(410): str_pad(31, 5, '0', 0)\n#1 [internal function]: App\\Controllers\\EmployeeController->generateIDCards(Array)\n#2 C:\\MAMP\\htdocs\\2026\\clinic\\app\\Router.php(80): call_user_func_array(Array, Array)\n#3 C:\\MAMP\\htdocs\\2026\\clinic\\public\\index.php(343): App\\Router->dispatch('/admin/employee...', 'POST')\n#4 {main}"}
[2026-08-11 12:28:02] [ERROR] Unhandled Exception: str_pad(): Argument #1 ($string) must be of type string, int given {"file":"C:\\MAMP\\htdocs\\2026\\clinic\\app\\Controllers\\EmployeeController.php","line":410,"trace":"#0 C:\\MAMP\\htdocs\\2026\\clinic\\app\\Controllers\\EmployeeController.php(410): str_pad(31, 5, '0', 0)\n#1 [internal function]: App\\Controllers\\EmployeeController->generateIDCards(Array)\n#2 C:\\MAMP\\htdocs\\2026\\clinic\\app\\Router.php(80): call_user_func_array(Array, Array)\n#3 C:\\MAMP\\htdocs\\2026\\clinic\\public\\index.php(343): App\\Router->dispatch('/admin/employee...', 'POST')\n#4 {main}"}
[2026-08-11 12:28:03] [ERROR] Unhandled Exception: str_pad(): Argument #1 ($string) must be of type string, int given {"file":"C:\\MAMP\\htdocs\\2026\\clinic\\app\\Controllers\\EmployeeController.php","line":410,"trace":"#0 C:\\MAMP\\htdocs\\2026\\clinic\\app\\Controllers\\EmployeeController.php(410): str_pad(31, 5, '0', 0)\n#1 [internal function]: App\\Controllers\\EmployeeController->generateIDCards(Array)\n#2 C:\\MAMP\\htdocs\\2026\\clinic\\app\\Router.php(80): call_user_func_array(Array, Array)\n#3 C:\\MAMP\\htdocs\\2026\\clinic\\public\\index.php(343): App\\Router->dispatch('/admin/employee...', 'POST')\n#4 {main}"}
[2026-08-11 12:28:03] [ERROR] Unhandled Exception: str_pad(): Argument #1 ($string) must be of type string, int given {"file":"C:\\MAMP\\htdocs\\2026\\clinic\\app\\Controllers\\EmployeeController.php","line":410,"trace":"#0 C:\\MAMP\\htdocs\\2026\\clinic\\app\\Controllers\\EmployeeController.php(410): str_pad(31, 5, '0', 0)\n#1 [internal function]: App\\Controllers\\EmployeeController->generateIDCards(Array)\n#2 C:\\MAMP\\htdocs\\2026\\clinic\\app\\Router.php(80): call_user_func_array(Array, Array)\n#3 C:\\MAMP\\htdocs\\2026\\clinic\\public\\index.php(343): App\\Router->dispatch('/admin/employee...', 'POST')\n#4 {main}"}
[2026-08-11 12:28:04] [ERROR] Unhandled Exception: str_pad(): Argument #1 ($string) must be of type string, int given {"file":"C:\\MAMP\\htdocs\\2026\\clinic\\app\\Controllers\\EmployeeController.php","line":410,"trace":"#0 C:\\MAMP\\htdocs\\2026\\clinic\\app\\Controllers\\EmployeeController.php(410): str_pad(31, 5, '0', 0)\n#1 [internal function]: App\\Controllers\\EmployeeController->generateIDCards(Array)\n#2 C:\\MAMP\\htdocs\\2026\\clinic\\app\\Router.php(80): call_user_func_array(Array, Array)\n#3 C:\\MAMP\\htdocs\\2026\\clinic\\public\\index.php(343): App\\Router->dispatch('/admin/employee...', 'POST')\n#4 {main}"}
[2026-08-11 12:28:29] [ERROR] Unhandled Exception: str_pad(): Argument #1 ($string) must be of type string, int given {"file":"C:\\MAMP\\htdocs\\2026\\clinic\\app\\Controllers\\EmployeeController.php","line":410,"trace":"#0 C:\\MAMP\\htdocs\\2026\\clinic\\app\\Controllers\\EmployeeController.php(410): str_pad(31, 5, '0', 0)\n#1 [internal function]: App\\Controllers\\EmployeeController->generateIDCards(Array)\n#2 C:\\MAMP\\htdocs\\2026\\clinic\\app\\Router.php(80): call_user_func_array(Array, Array)\n#3 C:\\MAMP\\htdocs\\2026\\clinic\\public\\index.php(343): App\\Router->dispatch('/admin/employee...', 'POST')\n#4 {main}"}
[2026-08-11 12:32:52] [ERROR] Unhandled Exception: SQLSTATE[42S22]: Column not found: 1054 Unknown column 'u.photo' in 'field list' {"file":"C:\\MAMP\\htdocs\\2026\\clinic\\app\\Helpers\\Database.php","line":52,"trace":"#0 C:\\MAMP\\htdocs\\2026\\clinic\\app\\Helpers\\Database.php(52): PDO->prepare('SELECT e.*, u.i...')\n#1 C:\\MAMP\\htdocs\\2026\\clinic\\app\\Helpers\\Database.php(72): App\\Helpers\\Database::query('SELECT e.*, u.i...', Array)\n#2 C:\\MAMP\\htdocs\\2026\\clinic\\app\\Controllers\\EmployeeController.php(384): App\\Helpers\\Database::all('SELECT e.*, u.i...')\n#3 [internal function]: App\\Controllers\\EmployeeController->idCards(Array)\n#4 C:\\MAMP\\htdocs\\2026\\clinic\\app\\Router.php(80): call_user_func_array(Array, Array)\n#5 C:\\MAMP\\htdocs\\2026\\clinic\\public\\index.php(343): App\\Router->dispatch('/admin/employee...', 'GET')\n#6 {main}"}
[2026-08-11 12:33:55] [ERROR] Unhandled Exception: SQLSTATE[42S22]: Column not found: 1054 Unknown column 'e.branch_id' in 'field list' {"file":"C:\\MAMP\\htdocs\\2026\\clinic\\app\\Helpers\\Database.php","line":52,"trace":"#0 C:\\MAMP\\htdocs\\2026\\clinic\\app\\Helpers\\Database.php(52): PDO->prepare('SELECT \\n       ...')\n#1 C:\\MAMP\\htdocs\\2026\\clinic\\app\\Helpers\\Database.php(72): App\\Helpers\\Database::query('SELECT \\n       ...', Array)\n#2 C:\\MAMP\\htdocs\\2026\\clinic\\app\\Controllers\\EmployeeController.php(396): App\\Helpers\\Database::all('SELECT \\n       ...')\n#3 [internal function]: App\\Controllers\\EmployeeController->idCards(Array)\n#4 C:\\MAMP\\htdocs\\2026\\clinic\\app\\Router.php(80): call_user_func_array(Array, Array)\n#5 C:\\MAMP\\htdocs\\2026\\clinic\\public\\index.php(343): App\\Router->dispatch('/admin/employee...', 'GET')\n#6 {main}"}
[2026-08-11 12:33:57] [ERROR] Unhandled Exception: SQLSTATE[42S22]: Column not found: 1054 Unknown column 'e.branch_id' in 'field list' {"file":"C:\\MAMP\\htdocs\\2026\\clinic\\app\\Helpers\\Database.php","line":52,"trace":"#0 C:\\MAMP\\htdocs\\2026\\clinic\\app\\Helpers\\Database.php(52): PDO->prepare('SELECT \\n       ...')\n#1 C:\\MAMP\\htdocs\\2026\\clinic\\app\\Helpers\\Database.php(72): App\\Helpers\\Database::query('SELECT \\n       ...', Array)\n#2 C:\\MAMP\\htdocs\\2026\\clinic\\app\\Controllers\\EmployeeController.php(396): App\\Helpers\\Database::all('SELECT \\n       ...')\n#3 [internal function]: App\\Controllers\\EmployeeController->idCards(Array)\n#4 C:\\MAMP\\htdocs\\2026\\clinic\\app\\Router.php(80): call_user_func_array(Array, Array)\n#5 C:\\MAMP\\htdocs\\2026\\clinic\\public\\index.php(343): App\\Router->dispatch('/admin/employee...', 'GET')\n#6 {main}"}
[2026-08-11 12:35:14] [ERROR] Unhandled Exception: SQLSTATE[42S22]: Column not found: 1054 Unknown column 'e.branch_id' in 'field list' {"file":"C:\\MAMP\\htdocs\\2026\\clinic\\app\\Helpers\\Database.php","line":52,"trace":"#0 C:\\MAMP\\htdocs\\2026\\clinic\\app\\Helpers\\Database.php(52): PDO->prepare('SELECT \\n       ...')\n#1 C:\\MAMP\\htdocs\\2026\\clinic\\app\\Helpers\\Database.php(72): App\\Helpers\\Database::query('SELECT \\n       ...', Array)\n#2 C:\\MAMP\\htdocs\\2026\\clinic\\app\\Controllers\\EmployeeController.php(396): App\\Helpers\\Database::all('SELECT \\n       ...')\n#3 [internal function]: App\\Controllers\\EmployeeController->idCards(Array)\n#4 C:\\MAMP\\htdocs\\2026\\clinic\\app\\Router.php(80): call_user_func_array(Array, Array)\n#5 C:\\MAMP\\htdocs\\2026\\clinic\\public\\index.php(343): App\\Router->dispatch('/admin/employee...', 'GET')\n#6 {main}"}
[2026-08-11 12:35:19] [ERROR] Unhandled Exception: SQLSTATE[42S22]: Column not found: 1054 Unknown column 'e.branch_id' in 'field list' {"file":"C:\\MAMP\\htdocs\\2026\\clinic\\app\\Helpers\\Database.php","line":52,"trace":"#0 C:\\MAMP\\htdocs\\2026\\clinic\\app\\Helpers\\Database.php(52): PDO->prepare('SELECT \\n       ...')\n#1 C:\\MAMP\\htdocs\\2026\\clinic\\app\\Helpers\\Database.php(72): App\\Helpers\\Database::query('SELECT \\n       ...', Array)\n#2 C:\\MAMP\\htdocs\\2026\\clinic\\app\\Controllers\\EmployeeController.php(396): App\\Helpers\\Database::all('SELECT \\n       ...')\n#3 [internal function]: App\\Controllers\\EmployeeController->idCards(Array)\n#4 C:\\MAMP\\htdocs\\2026\\clinic\\app\\Router.php(80): call_user_func_array(Array, Array)\n#5 C:\\MAMP\\htdocs\\2026\\clinic\\public\\index.php(343): App\\Router->dispatch('/admin/employee...', 'GET')\n#6 {main}"}
[2026-08-11 13:03:25] [ERROR] Unhandled Exception: SQLSTATE[42S22]: Column not found: 1054 Unknown column 'updated_at' in 'field list' {"file":"C:\\MAMP\\htdocs\\2026\\clinic\\app\\Helpers\\Database.php","line":52,"trace":"#0 C:\\MAMP\\htdocs\\2026\\clinic\\app\\Helpers\\Database.php(52): PDO->prepare('UPDATE employee...')\n#1 C:\\MAMP\\htdocs\\2026\\clinic\\app\\Helpers\\Database.php(80): App\\Helpers\\Database::query('UPDATE employee...', Array)\n#2 C:\\MAMP\\htdocs\\2026\\clinic\\app\\Models\\Attendance.php(218): App\\Helpers\\Database::execute('UPDATE employee...', Array)\n#3 C:\\MAMP\\htdocs\\2026\\clinic\\app\\Controllers\\AttendanceController.php(258): App\\Models\\Attendance::updateCheckOut(30, '2026-08-11', '13:03:25')\n#4 [internal function]: App\\Controllers\\AttendanceController->markAttendance(Array)\n#5 C:\\MAMP\\htdocs\\2026\\clinic\\app\\Router.php(80): call_user_func_array(Array, Array)\n#6 C:\\MAMP\\htdocs\\2026\\clinic\\public\\index.php(331): App\\Router->dispatch('/admin/attendan...', 'POST')\n#7 {main}"}
[2026-08-11 13:10:14] [ERROR] Unhandled Exception: SQLSTATE[42S22]: Column not found: 1054 Unknown column 'updated_at' in 'field list' {"file":"C:\\MAMP\\htdocs\\2026\\clinic\\app\\Helpers\\Database.php","line":52,"trace":"#0 C:\\MAMP\\htdocs\\2026\\clinic\\app\\Helpers\\Database.php(52): PDO->prepare('UPDATE employee...')\n#1 C:\\MAMP\\htdocs\\2026\\clinic\\app\\Helpers\\Database.php(80): App\\Helpers\\Database::query('UPDATE employee...', Array)\n#2 C:\\MAMP\\htdocs\\2026\\clinic\\app\\Models\\Attendance.php(218): App\\Helpers\\Database::execute('UPDATE employee...', Array)\n#3 C:\\MAMP\\htdocs\\2026\\clinic\\app\\Controllers\\AttendanceController.php(258): App\\Models\\Attendance::updateCheckOut(31, '2026-08-11', '13:10:14')\n#4 [internal function]: App\\Controllers\\AttendanceController->markAttendance(Array)\n#5 C:\\MAMP\\htdocs\\2026\\clinic\\app\\Router.php(80): call_user_func_array(Array, Array)\n#6 C:\\MAMP\\htdocs\\2026\\clinic\\public\\index.php(331): App\\Router->dispatch('/admin/attendan...', 'POST')\n#7 {main}"}
[2026-08-11 13:16:07] [ERROR] Unhandled Exception: Routing failure: Action method 'sendBookingOtp' does not exist in 'App\Controllers\AppointmentController'. {"file":"C:\\MAMP\\htdocs\\2026\\clinic\\app\\Router.php","line":76,"trace":"#0 C:\\MAMP\\htdocs\\2026\\clinic\\public\\index.php(331): App\\Router->dispatch('/appointments/b...', 'POST')\n#1 {main}"}
[2026-08-11 17:38:06] [ERROR] Database Connection Failed: SQLSTATE[HY000] [2002] No connection could be made because the target machine actively refused it {"host":"127.0.0.1","db":"u103704355_janki"}
[2026-08-11 17:38:06] [ERROR] Unhandled Exception: Database connection error. Please contact administrative support. {"file":"C:\\MAMP\\htdocs\\2026\\clinic\\app\\Helpers\\Database.php","line":40,"trace":"#0 C:\\MAMP\\htdocs\\2026\\clinic\\app\\Helpers\\Database.php(52): App\\Helpers\\Database::getConnection()\n#1 C:\\MAMP\\htdocs\\2026\\clinic\\app\\Helpers\\Database.php(62): App\\Helpers\\Database::query('SELECT u.*, r.s...', Array)\n#2 C:\\MAMP\\htdocs\\2026\\clinic\\app\\Models\\User.php(16): App\\Helpers\\Database::row('SELECT u.*, r.s...', Array)\n#3 C:\\MAMP\\htdocs\\2026\\clinic\\app\\Models\\User.php(38): App\\Models\\User::findByUsername('admin')\n#4 C:\\MAMP\\htdocs\\2026\\clinic\\app\\Controllers\\AuthController.php(100): App\\Models\\User::verifyCredentials('admin', 'Admin@1234')\n#5 [internal function]: App\\Controllers\\AuthController->login(Array)\n#6 C:\\MAMP\\htdocs\\2026\\clinic\\app\\Router.php(80): call_user_func_array(Array, Array)\n#7 C:\\MAMP\\htdocs\\2026\\clinic\\public\\index.php(331): App\\Router->dispatch('/login', 'POST')\n#8 C:\\MAMP\\htdocs\\2026\\clinic\\index.php(3): require_once('C:\\\\MAMP\\\\htdocs\\\\...')\n#9 {main}"}
[2026-08-11 17:40:57] [ERROR] Database Connection Failed: SQLSTATE[HY000] [2002] No connection could be made because the target machine actively refused it {"host":"127.0.0.1","db":"u103704355_janki"}
[2026-08-11 17:40:57] [ERROR] Unhandled Exception: Database connection error. Please contact administrative support. {"file":"C:\\MAMP\\htdocs\\2026\\clinic\\app\\Helpers\\Database.php","line":40,"trace":"#0 C:\\MAMP\\htdocs\\2026\\clinic\\app\\Helpers\\Database.php(52): App\\Helpers\\Database::getConnection()\n#1 C:\\MAMP\\htdocs\\2026\\clinic\\app\\Helpers\\Database.php(62): App\\Helpers\\Database::query('SELECT u.*, r.s...', Array)\n#2 C:\\MAMP\\htdocs\\2026\\clinic\\app\\Models\\User.php(16): App\\Helpers\\Database::row('SELECT u.*, r.s...', Array)\n#3 C:\\MAMP\\htdocs\\2026\\clinic\\app\\Models\\User.php(38): App\\Models\\User::findByUsername('admin')\n#4 C:\\MAMP\\htdocs\\2026\\clinic\\app\\Controllers\\AuthController.php(100): App\\Models\\User::verifyCredentials('admin', 'Admin@1234')\n#5 [internal function]: App\\Controllers\\AuthController->login(Array)\n#6 C:\\MAMP\\htdocs\\2026\\clinic\\app\\Router.php(80): call_user_func_array(Array, Array)\n#7 C:\\MAMP\\htdocs\\2026\\clinic\\public\\index.php(331): App\\Router->dispatch('/login', 'POST')\n#8 C:\\MAMP\\htdocs\\2026\\clinic\\index.php(3): require_once('C:\\\\MAMP\\\\htdocs\\\\...')\n#9 {main}"}
[2026-08-12 10:48:17] [ERROR] Unhandled Exception: Class "finfo" not found {"file":"C:\\MAMP\\htdocs\\2026\\clinic\\app\\Helpers\\Upload.php","line":89,"trace":"#0 C:\\MAMP\\htdocs\\2026\\clinic\\app\\Controllers\\BranchController.php(70): App\\Helpers\\Upload->file(Array, 'branch_logos')\n#1 [internal function]: App\\Controllers\\BranchController->store(Array)\n#2 C:\\MAMP\\htdocs\\2026\\clinic\\app\\Router.php(80): call_user_func_array(Array, Array)\n#3 C:\\MAMP\\htdocs\\2026\\clinic\\public\\index.php(331): App\\Router->dispatch('/admin/branches...', 'POST')\n#4 {main}"}
[2026-08-12 10:49:39] [ERROR] Unhandled Exception: Class "finfo" not found {"file":"C:\\MAMP\\htdocs\\2026\\clinic\\app\\Helpers\\Upload.php","line":89,"trace":"#0 C:\\MAMP\\htdocs\\2026\\clinic\\app\\Controllers\\BranchController.php(70): App\\Helpers\\Upload->file(Array, 'branch_logos')\n#1 [internal function]: App\\Controllers\\BranchController->store(Array)\n#2 C:\\MAMP\\htdocs\\2026\\clinic\\app\\Router.php(80): call_user_func_array(Array, Array)\n#3 C:\\MAMP\\htdocs\\2026\\clinic\\public\\index.php(331): App\\Router->dispatch('/admin/branches...', 'POST')\n#4 {main}"}
[2026-08-12 10:53:02] [ERROR] Unhandled Exception: Class "finfo" not found {"file":"C:\\MAMP\\htdocs\\2026\\clinic\\app\\Helpers\\Upload.php","line":89,"trace":"#0 C:\\MAMP\\htdocs\\2026\\clinic\\app\\Controllers\\BranchController.php(70): App\\Helpers\\Upload->file(Array, 'branch_logos')\n#1 [internal function]: App\\Controllers\\BranchController->store(Array)\n#2 C:\\MAMP\\htdocs\\2026\\clinic\\app\\Router.php(80): call_user_func_array(Array, Array)\n#3 C:\\MAMP\\htdocs\\2026\\clinic\\public\\index.php(331): App\\Router->dispatch('/admin/branches...', 'POST')\n#4 {main}"}
[2026-08-12 10:53:48] [ERROR] Unhandled Exception: Class "finfo" not found {"file":"C:\\MAMP\\htdocs\\2026\\clinic\\app\\Helpers\\Upload.php","line":89,"trace":"#0 C:\\MAMP\\htdocs\\2026\\clinic\\app\\Controllers\\BranchController.php(70): App\\Helpers\\Upload->file(Array, 'branch_logos')\n#1 [internal function]: App\\Controllers\\BranchController->store(Array)\n#2 C:\\MAMP\\htdocs\\2026\\clinic\\app\\Router.php(80): call_user_func_array(Array, Array)\n#3 C:\\MAMP\\htdocs\\2026\\clinic\\public\\index.php(331): App\\Router->dispatch('/admin/branches...', 'POST')\n#4 {main}"}
[2026-08-12 10:53:51] [ERROR] Unhandled Exception: Class "finfo" not found {"file":"C:\\MAMP\\htdocs\\2026\\clinic\\app\\Helpers\\Upload.php","line":89,"trace":"#0 C:\\MAMP\\htdocs\\2026\\clinic\\app\\Controllers\\BranchController.php(70): App\\Helpers\\Upload->file(Array, 'branch_logos')\n#1 [internal function]: App\\Controllers\\BranchController->store(Array)\n#2 C:\\MAMP\\htdocs\\2026\\clinic\\app\\Router.php(80): call_user_func_array(Array, Array)\n#3 C:\\MAMP\\htdocs\\2026\\clinic\\public\\index.php(331): App\\Router->dispatch('/admin/branches...', 'POST')\n#4 {main}"}
[2026-08-12 10:54:07] [ERROR] Unhandled Exception: Class "finfo" not found {"file":"C:\\MAMP\\htdocs\\2026\\clinic\\app\\Helpers\\Upload.php","line":89,"trace":"#0 C:\\MAMP\\htdocs\\2026\\clinic\\app\\Controllers\\BranchController.php(70): App\\Helpers\\Upload->file(Array, 'branch_logos')\n#1 [internal function]: App\\Controllers\\BranchController->store(Array)\n#2 C:\\MAMP\\htdocs\\2026\\clinic\\app\\Router.php(80): call_user_func_array(Array, Array)\n#3 C:\\MAMP\\htdocs\\2026\\clinic\\public\\index.php(331): App\\Router->dispatch('/admin/branches...', 'POST')\n#4 {main}"}
[2026-08-12 13:16:02] [ERROR] Unhandled Exception: SQLSTATE[42S22]: Column not found: 1054 Unknown column 'updated_at' in 'field list' {"file":"C:\\MAMP\\htdocs\\2026\\clinic\\app\\Helpers\\Database.php","line":52,"trace":"#0 C:\\MAMP\\htdocs\\2026\\clinic\\app\\Helpers\\Database.php(52): PDO->prepare('UPDATE employee...')\n#1 C:\\MAMP\\htdocs\\2026\\clinic\\app\\Helpers\\Database.php(80): App\\Helpers\\Database::query('UPDATE employee...', Array)\n#2 C:\\MAMP\\htdocs\\2026\\clinic\\app\\Models\\Attendance.php(218): App\\Helpers\\Database::execute('UPDATE employee...', Array)\n#3 C:\\MAMP\\htdocs\\2026\\clinic\\app\\Controllers\\AttendanceController.php(262): App\\Models\\Attendance::updateCheckOut(2, '2026-08-12', '13:16:02')\n#4 [internal function]: App\\Controllers\\AttendanceController->markAttendance(Array)\n#5 C:\\MAMP\\htdocs\\2026\\clinic\\app\\Router.php(80): call_user_func_array(Array, Array)\n#6 C:\\MAMP\\htdocs\\2026\\clinic\\public\\index.php(331): App\\Router->dispatch('/admin/attendan...', 'POST')\n#7 {main}"}
[2026-08-12 13:17:16] [ERROR] Unhandled Exception: SQLSTATE[42S22]: Column not found: 1054 Unknown column 'updated_at' in 'field list' {"file":"C:\\MAMP\\htdocs\\2026\\clinic\\app\\Helpers\\Database.php","line":52,"trace":"#0 C:\\MAMP\\htdocs\\2026\\clinic\\app\\Helpers\\Database.php(52): PDO->prepare('UPDATE employee...')\n#1 C:\\MAMP\\htdocs\\2026\\clinic\\app\\Helpers\\Database.php(80): App\\Helpers\\Database::query('UPDATE employee...', Array)\n#2 C:\\MAMP\\htdocs\\2026\\clinic\\app\\Models\\Attendance.php(218): App\\Helpers\\Database::execute('UPDATE employee...', Array)\n#3 C:\\MAMP\\htdocs\\2026\\clinic\\app\\Controllers\\AttendanceController.php(262): App\\Models\\Attendance::updateCheckOut(2, '2026-08-12', '13:17:16')\n#4 [internal function]: App\\Controllers\\AttendanceController->markAttendance(Array)\n#5 C:\\MAMP\\htdocs\\2026\\clinic\\app\\Router.php(80): call_user_func_array(Array, Array)\n#6 C:\\MAMP\\htdocs\\2026\\clinic\\public\\index.php(331): App\\Router->dispatch('/admin/attendan...', 'POST')\n#7 {main}"}
[2026-08-12 13:20:06] [ERROR] Unhandled Exception: SQLSTATE[42S22]: Column not found: 1054 Unknown column 'updated_at' in 'field list' {"file":"C:\\MAMP\\htdocs\\2026\\clinic\\app\\Helpers\\Database.php","line":52,"trace":"#0 C:\\MAMP\\htdocs\\2026\\clinic\\app\\Helpers\\Database.php(52): PDO->prepare('UPDATE employee...')\n#1 C:\\MAMP\\htdocs\\2026\\clinic\\app\\Helpers\\Database.php(80): App\\Helpers\\Database::query('UPDATE employee...', Array)\n#2 C:\\MAMP\\htdocs\\2026\\clinic\\app\\Models\\Attendance.php(90): App\\Helpers\\Database::execute('UPDATE employee...', Array)\n#3 C:\\MAMP\\htdocs\\2026\\clinic\\app\\Controllers\\AttendanceController.php(203): App\\Models\\Attendance::updateCheckOut(2, '2026-08-12', '13:20:06')\n#4 [internal function]: App\\Controllers\\AttendanceController->markAttendance(Array)\n#5 C:\\MAMP\\htdocs\\2026\\clinic\\app\\Router.php(80): call_user_func_array(Array, Array)\n#6 C:\\MAMP\\htdocs\\2026\\clinic\\public\\index.php(331): App\\Router->dispatch('/admin/attendan...', 'POST')\n#7 {main}"}
[2026-08-12 13:20:29] [ERROR] Unhandled Exception: SQLSTATE[42S22]: Column not found: 1054 Unknown column 'updated_at' in 'field list' {"file":"C:\\MAMP\\htdocs\\2026\\clinic\\app\\Helpers\\Database.php","line":52,"trace":"#0 C:\\MAMP\\htdocs\\2026\\clinic\\app\\Helpers\\Database.php(52): PDO->prepare('UPDATE employee...')\n#1 C:\\MAMP\\htdocs\\2026\\clinic\\app\\Helpers\\Database.php(80): App\\Helpers\\Database::query('UPDATE employee...', Array)\n#2 C:\\MAMP\\htdocs\\2026\\clinic\\app\\Models\\Attendance.php(90): App\\Helpers\\Database::execute('UPDATE employee...', Array)\n#3 C:\\MAMP\\htdocs\\2026\\clinic\\app\\Controllers\\AttendanceController.php(203): App\\Models\\Attendance::updateCheckOut(2, '2026-08-12', '13:20:29')\n#4 [internal function]: App\\Controllers\\AttendanceController->markAttendance(Array)\n#5 C:\\MAMP\\htdocs\\2026\\clinic\\app\\Router.php(80): call_user_func_array(Array, Array)\n#6 C:\\MAMP\\htdocs\\2026\\clinic\\public\\index.php(331): App\\Router->dispatch('/admin/attendan...', 'POST')\n#7 {main}"}
[2026-08-12 14:20:49] [ERROR] Unhandled Exception: syntax error, unexpected token "<", expecting ";" or "{" {"file":"C:\\MAMP\\htdocs\\2026\\clinic\\app\\Models\\Employee.php","line":69,"trace":"#0 C:\\MAMP\\htdocs\\2026\\clinic\\app\\Controllers\\EmployeeController.php(24): {closure}('App\\\\Models\\\\Empl...')\n#1 [internal function]: App\\Controllers\\EmployeeController->index(Array)\n#2 C:\\MAMP\\htdocs\\2026\\clinic\\app\\Router.php(80): call_user_func_array(Array, Array)\n#3 C:\\MAMP\\htdocs\\2026\\clinic\\public\\index.php(331): App\\Router->dispatch('/admin/employee...', 'GET')\n#4 {main}"}
[2026-08-12 15:37:58] [ERROR] Unhandled Exception: Undefined array key "username" {"file":"C:\\MAMP\\htdocs\\2026\\clinic\\views\\admin\\reception\\attendance.php","line":71,"trace":"#0 C:\\MAMP\\htdocs\\2026\\clinic\\views\\admin\\reception\\attendance.php(71): {closure}(2, 'Undefined array...', 'C:\\\\MAMP\\\\htdocs\\\\...', 71)\n#1 C:\\MAMP\\htdocs\\2026\\clinic\\app\\Helpers\\functions.php(71): include('C:\\\\MAMP\\\\htdocs\\\\...')\n#2 C:\\MAMP\\htdocs\\2026\\clinic\\app\\Controllers\\ReceptionController.php(1003): view('admin.reception...', Array)\n#3 [internal function]: App\\Controllers\\ReceptionController->attendanceIndex(Array)\n#4 C:\\MAMP\\htdocs\\2026\\clinic\\app\\Router.php(80): call_user_func_array(Array, Array)\n#5 C:\\MAMP\\htdocs\\2026\\clinic\\public\\index.php(331): App\\Router->dispatch('/reception/atte...', 'GET')\n#6 {main}"}
[2026-08-12 16:53:08] [ERROR] Unhandled Exception: Routing failure: Action method 'generateIDCards' does not exist in 'App\Controllers\AttendanceController'. {"file":"C:\\MAMP\\htdocs\\2026\\clinic\\app\\Router.php","line":76,"trace":"#0 C:\\MAMP\\htdocs\\2026\\clinic\\public\\index.php(331): App\\Router->dispatch('/admin/employee...', 'POST')\n#1 {main}"}
[2026-08-12 16:53:12] [ERROR] Unhandled Exception: Routing failure: Action method 'generateIDCards' does not exist in 'App\Controllers\AttendanceController'. {"file":"C:\\MAMP\\htdocs\\2026\\clinic\\app\\Router.php","line":76,"trace":"#0 C:\\MAMP\\htdocs\\2026\\clinic\\public\\index.php(331): App\\Router->dispatch('/admin/employee...', 'POST')\n#1 {main}"}
[2026-08-12 16:53:24] [ERROR] Unhandled Exception: Routing failure: Action method 'generateIDCards' does not exist in 'App\Controllers\AttendanceController'. {"file":"C:\\MAMP\\htdocs\\2026\\clinic\\app\\Router.php","line":76,"trace":"#0 C:\\MAMP\\htdocs\\2026\\clinic\\public\\index.php(331): App\\Router->dispatch('/admin/employee...', 'POST')\n#1 {main}"}
[2026-08-12 16:53:25] [ERROR] Unhandled Exception: Routing failure: Action method 'generateIDCards' does not exist in 'App\Controllers\AttendanceController'. {"file":"C:\\MAMP\\htdocs\\2026\\clinic\\app\\Router.php","line":76,"trace":"#0 C:\\MAMP\\htdocs\\2026\\clinic\\public\\index.php(331): App\\Router->dispatch('/admin/employee...', 'POST')\n#1 {main}"}
[2026-08-12 16:53:25] [ERROR] Unhandled Exception: Routing failure: Action method 'generateIDCards' does not exist in 'App\Controllers\AttendanceController'. {"file":"C:\\MAMP\\htdocs\\2026\\clinic\\app\\Router.php","line":76,"trace":"#0 C:\\MAMP\\htdocs\\2026\\clinic\\public\\index.php(331): App\\Router->dispatch('/admin/employee...', 'POST')\n#1 {main}"}
[2026-08-12 16:53:57] [ERROR] Unhandled Exception: Routing failure: Action method 'generateIDCards' does not exist in 'App\Controllers\AttendanceController'. {"file":"C:\\MAMP\\htdocs\\2026\\clinic\\app\\Router.php","line":76,"trace":"#0 C:\\MAMP\\htdocs\\2026\\clinic\\public\\index.php(331): App\\Router->dispatch('/admin/employee...', 'POST')\n#1 {main}"}
[2026-08-12 16:53:58] [ERROR] Unhandled Exception: Routing failure: Action method 'generateIDCards' does not exist in 'App\Controllers\AttendanceController'. {"file":"C:\\MAMP\\htdocs\\2026\\clinic\\app\\Router.php","line":76,"trace":"#0 C:\\MAMP\\htdocs\\2026\\clinic\\public\\index.php(331): App\\Router->dispatch('/admin/employee...', 'POST')\n#1 {main}"}
[2026-08-12 16:54:47] [ERROR] Unhandled Exception: Routing failure: Action method 'generateIDCards' does not exist in 'App\Controllers\AttendanceController'. {"file":"C:\\MAMP\\htdocs\\2026\\clinic\\app\\Router.php","line":76,"trace":"#0 C:\\MAMP\\htdocs\\2026\\clinic\\public\\index.php(331): App\\Router->dispatch('/admin/employee...', 'POST')\n#1 {main}"}
[2026-08-12 16:54:48] [ERROR] Unhandled Exception: Routing failure: Action method 'generateIDCards' does not exist in 'App\Controllers\AttendanceController'. {"file":"C:\\MAMP\\htdocs\\2026\\clinic\\app\\Router.php","line":76,"trace":"#0 C:\\MAMP\\htdocs\\2026\\clinic\\public\\index.php(331): App\\Router->dispatch('/admin/employee...', 'POST')\n#1 {main}"}
[2026-08-12 16:54:49] [ERROR] Unhandled Exception: Routing failure: Action method 'generateIDCards' does not exist in 'App\Controllers\AttendanceController'. {"file":"C:\\MAMP\\htdocs\\2026\\clinic\\app\\Router.php","line":76,"trace":"#0 C:\\MAMP\\htdocs\\2026\\clinic\\public\\index.php(331): App\\Router->dispatch('/admin/employee...', 'POST')\n#1 {main}"}
[2026-08-12 16:54:49] [ERROR] Unhandled Exception: Routing failure: Action method 'generateIDCards' does not exist in 'App\Controllers\AttendanceController'. {"file":"C:\\MAMP\\htdocs\\2026\\clinic\\app\\Router.php","line":76,"trace":"#0 C:\\MAMP\\htdocs\\2026\\clinic\\public\\index.php(331): App\\Router->dispatch('/admin/employee...', 'POST')\n#1 {main}"}
[2026-08-12 16:54:49] [ERROR] Unhandled Exception: Routing failure: Action method 'generateIDCards' does not exist in 'App\Controllers\AttendanceController'. {"file":"C:\\MAMP\\htdocs\\2026\\clinic\\app\\Router.php","line":76,"trace":"#0 C:\\MAMP\\htdocs\\2026\\clinic\\public\\index.php(331): App\\Router->dispatch('/admin/employee...', 'POST')\n#1 {main}"}
[2026-08-12 16:54:51] [ERROR] Unhandled Exception: Routing failure: Action method 'generateIDCards' does not exist in 'App\Controllers\AttendanceController'. {"file":"C:\\MAMP\\htdocs\\2026\\clinic\\app\\Router.php","line":76,"trace":"#0 C:\\MAMP\\htdocs\\2026\\clinic\\public\\index.php(331): App\\Router->dispatch('/admin/employee...', 'POST')\n#1 {main}"}
[2026-08-12 16:54:52] [ERROR] Unhandled Exception: Routing failure: Action method 'generateIDCards' does not exist in 'App\Controllers\AttendanceController'. {"file":"C:\\MAMP\\htdocs\\2026\\clinic\\app\\Router.php","line":76,"trace":"#0 C:\\MAMP\\htdocs\\2026\\clinic\\public\\index.php(331): App\\Router->dispatch('/admin/employee...', 'POST')\n#1 {main}"}
[2026-08-12 16:54:52] [ERROR] Unhandled Exception: Routing failure: Action method 'generateIDCards' does not exist in 'App\Controllers\AttendanceController'. {"file":"C:\\MAMP\\htdocs\\2026\\clinic\\app\\Router.php","line":76,"trace":"#0 C:\\MAMP\\htdocs\\2026\\clinic\\public\\index.php(331): App\\Router->dispatch('/admin/employee...', 'POST')\n#1 {main}"}
[2026-08-12 16:54:57] [ERROR] Unhandled Exception: Routing failure: Action method 'generateIDCards' does not exist in 'App\Controllers\AttendanceController'. {"file":"C:\\MAMP\\htdocs\\2026\\clinic\\app\\Router.php","line":76,"trace":"#0 C:\\MAMP\\htdocs\\2026\\clinic\\public\\index.php(331): App\\Router->dispatch('/admin/employee...', 'POST')\n#1 {main}"}
[2026-08-12 16:55:00] [ERROR] Unhandled Exception: Routing failure: Action method 'generateIDCards' does not exist in 'App\Controllers\AttendanceController'. {"file":"C:\\MAMP\\htdocs\\2026\\clinic\\app\\Router.php","line":76,"trace":"#0 C:\\MAMP\\htdocs\\2026\\clinic\\public\\index.php(331): App\\Router->dispatch('/admin/employee...', 'POST')\n#1 {main}"}
[2026-08-12 16:55:02] [ERROR] Unhandled Exception: Routing failure: Action method 'generateIDCards' does not exist in 'App\Controllers\AttendanceController'. {"file":"C:\\MAMP\\htdocs\\2026\\clinic\\app\\Router.php","line":76,"trace":"#0 C:\\MAMP\\htdocs\\2026\\clinic\\public\\index.php(331): App\\Router->dispatch('/admin/employee...', 'POST')\n#1 {main}"}
[2026-08-12 16:55:02] [ERROR] Unhandled Exception: Routing failure: Action method 'generateIDCards' does not exist in 'App\Controllers\AttendanceController'. {"file":"C:\\MAMP\\htdocs\\2026\\clinic\\app\\Router.php","line":76,"trace":"#0 C:\\MAMP\\htdocs\\2026\\clinic\\public\\index.php(331): App\\Router->dispatch('/admin/employee...', 'POST')\n#1 {main}"}
[2026-08-12 16:55:02] [ERROR] Unhandled Exception: Routing failure: Action method 'generateIDCards' does not exist in 'App\Controllers\AttendanceController'. {"file":"C:\\MAMP\\htdocs\\2026\\clinic\\app\\Router.php","line":76,"trace":"#0 C:\\MAMP\\htdocs\\2026\\clinic\\public\\index.php(331): App\\Router->dispatch('/admin/employee...', 'POST')\n#1 {main}"}
[2026-08-12 16:55:02] [ERROR] Unhandled Exception: Routing failure: Action method 'generateIDCards' does not exist in 'App\Controllers\AttendanceController'. {"file":"C:\\MAMP\\htdocs\\2026\\clinic\\app\\Router.php","line":76,"trace":"#0 C:\\MAMP\\htdocs\\2026\\clinic\\public\\index.php(331): App\\Router->dispatch('/admin/employee...', 'POST')\n#1 {main}"}
[2026-08-12 16:56:38] [ERROR] Unhandled Exception: Routing failure: Action method 'generateIDCards' does not exist in 'App\Controllers\AttendanceController'. {"file":"C:\\MAMP\\htdocs\\2026\\clinic\\app\\Router.php","line":76,"trace":"#0 C:\\MAMP\\htdocs\\2026\\clinic\\public\\index.php(331): App\\Router->dispatch('/admin/employee...', 'POST')\n#1 {main}"}
[2026-08-12 16:56:39] [ERROR] Unhandled Exception: Routing failure: Action method 'generateIDCards' does not exist in 'App\Controllers\AttendanceController'. {"file":"C:\\MAMP\\htdocs\\2026\\clinic\\app\\Router.php","line":76,"trace":"#0 C:\\MAMP\\htdocs\\2026\\clinic\\public\\index.php(331): App\\Router->dispatch('/admin/employee...', 'POST')\n#1 {main}"}
[2026-08-12 16:56:39] [ERROR] Unhandled Exception: Routing failure: Action method 'generateIDCards' does not exist in 'App\Controllers\AttendanceController'. {"file":"C:\\MAMP\\htdocs\\2026\\clinic\\app\\Router.php","line":76,"trace":"#0 C:\\MAMP\\htdocs\\2026\\clinic\\public\\index.php(331): App\\Router->dispatch('/admin/employee...', 'POST')\n#1 {main}"}
[2026-08-12 16:56:39] [ERROR] Unhandled Exception: Routing failure: Action method 'generateIDCards' does not exist in 'App\Controllers\AttendanceController'. {"file":"C:\\MAMP\\htdocs\\2026\\clinic\\app\\Router.php","line":76,"trace":"#0 C:\\MAMP\\htdocs\\2026\\clinic\\public\\index.php(331): App\\Router->dispatch('/admin/employee...', 'POST')\n#1 {main}"}
[2026-08-12 16:56:40] [ERROR] Unhandled Exception: Routing failure: Action method 'generateIDCards' does not exist in 'App\Controllers\AttendanceController'. {"file":"C:\\MAMP\\htdocs\\2026\\clinic\\app\\Router.php","line":76,"trace":"#0 C:\\MAMP\\htdocs\\2026\\clinic\\public\\index.php(331): App\\Router->dispatch('/admin/employee...', 'POST')\n#1 {main}"}
[2026-08-12 16:56:40] [ERROR] Unhandled Exception: Routing failure: Action method 'generateIDCards' does not exist in 'App\Controllers\AttendanceController'. {"file":"C:\\MAMP\\htdocs\\2026\\clinic\\app\\Router.php","line":76,"trace":"#0 C:\\MAMP\\htdocs\\2026\\clinic\\public\\index.php(331): App\\Router->dispatch('/admin/employee...', 'POST')\n#1 {main}"}
[2026-08-12 16:56:40] [ERROR] Unhandled Exception: Routing failure: Action method 'generateIDCards' does not exist in 'App\Controllers\AttendanceController'. {"file":"C:\\MAMP\\htdocs\\2026\\clinic\\app\\Router.php","line":76,"trace":"#0 C:\\MAMP\\htdocs\\2026\\clinic\\public\\index.php(331): App\\Router->dispatch('/admin/employee...', 'POST')\n#1 {main}"}
[2026-08-12 16:58:03] [ERROR] Unhandled Exception: Routing failure: Action method 'generateIDCards' does not exist in 'App\Controllers\AttendanceController'. {"file":"C:\\MAMP\\htdocs\\2026\\clinic\\app\\Router.php","line":76,"trace":"#0 C:\\MAMP\\htdocs\\2026\\clinic\\public\\index.php(331): App\\Router->dispatch('/admin/employee...', 'POST')\n#1 {main}"}
[2026-08-12 16:59:54] [ERROR] Unhandled Exception: Routing failure: Action method 'generateIDCards' does not exist in 'App\Controllers\AttendanceController'. {"file":"C:\\MAMP\\htdocs\\2026\\clinic\\app\\Router.php","line":76,"trace":"#0 C:\\MAMP\\htdocs\\2026\\clinic\\public\\index.php(331): App\\Router->dispatch('/admin/employee...', 'POST')\n#1 {main}"}
[2026-08-12 16:59:55] [ERROR] Unhandled Exception: Routing failure: Action method 'generateIDCards' does not exist in 'App\Controllers\AttendanceController'. {"file":"C:\\MAMP\\htdocs\\2026\\clinic\\app\\Router.php","line":76,"trace":"#0 C:\\MAMP\\htdocs\\2026\\clinic\\public\\index.php(331): App\\Router->dispatch('/admin/employee...', 'POST')\n#1 {main}"}
[2026-08-13 12:28:12] [ERROR] Unhandled Exception: SQLSTATE[42S22]: Column not found: 1054 Unknown column 'b.code' in 'field list' {"file":"C:\\MAMP\\htdocs\\2026\\clinic\\app\\Helpers\\Database.php","line":52,"trace":"#0 C:\\MAMP\\htdocs\\2026\\clinic\\app\\Helpers\\Database.php(52): PDO->prepare('\\n            SE...')\n#1 C:\\MAMP\\htdocs\\2026\\clinic\\app\\Helpers\\Database.php(62): App\\Helpers\\Database::query('\\n            SE...', Array)\n#2 C:\\MAMP\\htdocs\\2026\\clinic\\app\\Models\\User.php(16): App\\Helpers\\Database::row('\\n            SE...', Array)\n#3 C:\\MAMP\\htdocs\\2026\\clinic\\app\\Models\\User.php(58): App\\Models\\User::findByUsername('admin')\n#4 C:\\MAMP\\htdocs\\2026\\clinic\\app\\Controllers\\AuthController.php(66): App\\Models\\User::verifyCredentials('admin', 'Admin@1234')\n#5 [internal function]: App\\Controllers\\AuthController->login(Array)\n#6 C:\\MAMP\\htdocs\\2026\\clinic\\app\\Router.php(80): call_user_func_array(Array, Array)\n#7 C:\\MAMP\\htdocs\\2026\\clinic\\public\\index.php(331): App\\Router->dispatch('/login', 'POST')\n#8 {main}"}
[2026-08-13 12:28:14] [ERROR] Unhandled Exception: SQLSTATE[42S22]: Column not found: 1054 Unknown column 'b.code' in 'field list' {"file":"C:\\MAMP\\htdocs\\2026\\clinic\\app\\Helpers\\Database.php","line":52,"trace":"#0 C:\\MAMP\\htdocs\\2026\\clinic\\app\\Helpers\\Database.php(52): PDO->prepare('\\n            SE...')\n#1 C:\\MAMP\\htdocs\\2026\\clinic\\app\\Helpers\\Database.php(62): App\\Helpers\\Database::query('\\n            SE...', Array)\n#2 C:\\MAMP\\htdocs\\2026\\clinic\\app\\Models\\User.php(16): App\\Helpers\\Database::row('\\n            SE...', Array)\n#3 C:\\MAMP\\htdocs\\2026\\clinic\\app\\Models\\User.php(58): App\\Models\\User::findByUsername('admin')\n#4 C:\\MAMP\\htdocs\\2026\\clinic\\app\\Controllers\\AuthController.php(66): App\\Models\\User::verifyCredentials('admin', 'Admin@1234')\n#5 [internal function]: App\\Controllers\\AuthController->login(Array)\n#6 C:\\MAMP\\htdocs\\2026\\clinic\\app\\Router.php(80): call_user_func_array(Array, Array)\n#7 C:\\MAMP\\htdocs\\2026\\clinic\\public\\index.php(331): App\\Router->dispatch('/login', 'POST')\n#8 {main}"}
[2026-08-13 12:28:15] [ERROR] Unhandled Exception: SQLSTATE[42S22]: Column not found: 1054 Unknown column 'b.code' in 'field list' {"file":"C:\\MAMP\\htdocs\\2026\\clinic\\app\\Helpers\\Database.php","line":52,"trace":"#0 C:\\MAMP\\htdocs\\2026\\clinic\\app\\Helpers\\Database.php(52): PDO->prepare('\\n            SE...')\n#1 C:\\MAMP\\htdocs\\2026\\clinic\\app\\Helpers\\Database.php(62): App\\Helpers\\Database::query('\\n            SE...', Array)\n#2 C:\\MAMP\\htdocs\\2026\\clinic\\app\\Models\\User.php(16): App\\Helpers\\Database::row('\\n            SE...', Array)\n#3 C:\\MAMP\\htdocs\\2026\\clinic\\app\\Models\\User.php(58): App\\Models\\User::findByUsername('admin')\n#4 C:\\MAMP\\htdocs\\2026\\clinic\\app\\Controllers\\AuthController.php(66): App\\Models\\User::verifyCredentials('admin', 'Admin@1234')\n#5 [internal function]: App\\Controllers\\AuthController->login(Array)\n#6 C:\\MAMP\\htdocs\\2026\\clinic\\app\\Router.php(80): call_user_func_array(Array, Array)\n#7 C:\\MAMP\\htdocs\\2026\\clinic\\public\\index.php(331): App\\Router->dispatch('/login', 'POST')\n#8 {main}"}
[2026-08-13 12:28:15] [ERROR] Unhandled Exception: SQLSTATE[42S22]: Column not found: 1054 Unknown column 'b.code' in 'field list' {"file":"C:\\MAMP\\htdocs\\2026\\clinic\\app\\Helpers\\Database.php","line":52,"trace":"#0 C:\\MAMP\\htdocs\\2026\\clinic\\app\\Helpers\\Database.php(52): PDO->prepare('\\n            SE...')\n#1 C:\\MAMP\\htdocs\\2026\\clinic\\app\\Helpers\\Database.php(62): App\\Helpers\\Database::query('\\n            SE...', Array)\n#2 C:\\MAMP\\htdocs\\2026\\clinic\\app\\Models\\User.php(16): App\\Helpers\\Database::row('\\n            SE...', Array)\n#3 C:\\MAMP\\htdocs\\2026\\clinic\\app\\Models\\User.php(58): App\\Models\\User::findByUsername('admin')\n#4 C:\\MAMP\\htdocs\\2026\\clinic\\app\\Controllers\\AuthController.php(66): App\\Models\\User::verifyCredentials('admin', 'Admin@1234')\n#5 [internal function]: App\\Controllers\\AuthController->login(Array)\n#6 C:\\MAMP\\htdocs\\2026\\clinic\\app\\Router.php(80): call_user_func_array(Array, Array)\n#7 C:\\MAMP\\htdocs\\2026\\clinic\\public\\index.php(331): App\\Router->dispatch('/login', 'POST')\n#8 {main}"}
[2026-08-13 12:28:15] [ERROR] Unhandled Exception: SQLSTATE[42S22]: Column not found: 1054 Unknown column 'b.code' in 'field list' {"file":"C:\\MAMP\\htdocs\\2026\\clinic\\app\\Helpers\\Database.php","line":52,"trace":"#0 C:\\MAMP\\htdocs\\2026\\clinic\\app\\Helpers\\Database.php(52): PDO->prepare('\\n            SE...')\n#1 C:\\MAMP\\htdocs\\2026\\clinic\\app\\Helpers\\Database.php(62): App\\Helpers\\Database::query('\\n            SE...', Array)\n#2 C:\\MAMP\\htdocs\\2026\\clinic\\app\\Models\\User.php(16): App\\Helpers\\Database::row('\\n            SE...', Array)\n#3 C:\\MAMP\\htdocs\\2026\\clinic\\app\\Models\\User.php(58): App\\Models\\User::findByUsername('admin')\n#4 C:\\MAMP\\htdocs\\2026\\clinic\\app\\Controllers\\AuthController.php(66): App\\Models\\User::verifyCredentials('admin', 'Admin@1234')\n#5 [internal function]: App\\Controllers\\AuthController->login(Array)\n#6 C:\\MAMP\\htdocs\\2026\\clinic\\app\\Router.php(80): call_user_func_array(Array, Array)\n#7 C:\\MAMP\\htdocs\\2026\\clinic\\public\\index.php(331): App\\Router->dispatch('/login', 'POST')\n#8 {main}"}
[2026-08-13 12:44:29] [ERROR] Unhandled Exception: SQLSTATE[42S22]: Column not found: 1054 Unknown column 'b.code' in 'field list' {"file":"C:\\MAMP\\htdocs\\2026\\clinic\\app\\Helpers\\Database.php","line":52,"trace":"#0 C:\\MAMP\\htdocs\\2026\\clinic\\app\\Helpers\\Database.php(52): PDO->prepare('\\n            SE...')\n#1 C:\\MAMP\\htdocs\\2026\\clinic\\app\\Helpers\\Database.php(62): App\\Helpers\\Database::query('\\n            SE...', Array)\n#2 C:\\MAMP\\htdocs\\2026\\clinic\\app\\Models\\User.php(16): App\\Helpers\\Database::row('\\n            SE...', Array)\n#3 C:\\MAMP\\htdocs\\2026\\clinic\\app\\Models\\User.php(58): App\\Models\\User::findByUsername('admin')\n#4 C:\\MAMP\\htdocs\\2026\\clinic\\app\\Controllers\\AuthController.php(66): App\\Models\\User::verifyCredentials('admin', 'Admin@1234')\n#5 [internal function]: App\\Controllers\\AuthController->login(Array)\n#6 C:\\MAMP\\htdocs\\2026\\clinic\\app\\Router.php(80): call_user_func_array(Array, Array)\n#7 C:\\MAMP\\htdocs\\2026\\clinic\\public\\index.php(331): App\\Router->dispatch('/login', 'POST')\n#8 {main}"}
[2026-08-13 12:44:30] [ERROR] Unhandled Exception: SQLSTATE[42S22]: Column not found: 1054 Unknown column 'b.code' in 'field list' {"file":"C:\\MAMP\\htdocs\\2026\\clinic\\app\\Helpers\\Database.php","line":52,"trace":"#0 C:\\MAMP\\htdocs\\2026\\clinic\\app\\Helpers\\Database.php(52): PDO->prepare('\\n            SE...')\n#1 C:\\MAMP\\htdocs\\2026\\clinic\\app\\Helpers\\Database.php(62): App\\Helpers\\Database::query('\\n            SE...', Array)\n#2 C:\\MAMP\\htdocs\\2026\\clinic\\app\\Models\\User.php(16): App\\Helpers\\Database::row('\\n            SE...', Array)\n#3 C:\\MAMP\\htdocs\\2026\\clinic\\app\\Models\\User.php(58): App\\Models\\User::findByUsername('admin')\n#4 C:\\MAMP\\htdocs\\2026\\clinic\\app\\Controllers\\AuthController.php(66): App\\Models\\User::verifyCredentials('admin', 'Admin@1234')\n#5 [internal function]: App\\Controllers\\AuthController->login(Array)\n#6 C:\\MAMP\\htdocs\\2026\\clinic\\app\\Router.php(80): call_user_func_array(Array, Array)\n#7 C:\\MAMP\\htdocs\\2026\\clinic\\public\\index.php(331): App\\Router->dispatch('/login', 'POST')\n#8 {main}"}
[2026-08-13 12:44:42] [ERROR] Unhandled Exception: SQLSTATE[42S22]: Column not found: 1054 Unknown column 'b.code' in 'field list' {"file":"C:\\MAMP\\htdocs\\2026\\clinic\\app\\Helpers\\Database.php","line":52,"trace":"#0 C:\\MAMP\\htdocs\\2026\\clinic\\app\\Helpers\\Database.php(52): PDO->prepare('\\n            SE...')\n#1 C:\\MAMP\\htdocs\\2026\\clinic\\app\\Helpers\\Database.php(62): App\\Helpers\\Database::query('\\n            SE...', Array)\n#2 C:\\MAMP\\htdocs\\2026\\clinic\\app\\Models\\User.php(16): App\\Helpers\\Database::row('\\n            SE...', Array)\n#3 C:\\MAMP\\htdocs\\2026\\clinic\\app\\Models\\User.php(58): App\\Models\\User::findByUsername('admin')\n#4 C:\\MAMP\\htdocs\\2026\\clinic\\app\\Controllers\\AuthController.php(66): App\\Models\\User::verifyCredentials('admin', 'Admin@1234')\n#5 [internal function]: App\\Controllers\\AuthController->login(Array)\n#6 C:\\MAMP\\htdocs\\2026\\clinic\\app\\Router.php(80): call_user_func_array(Array, Array)\n#7 C:\\MAMP\\htdocs\\2026\\clinic\\public\\index.php(331): App\\Router->dispatch('/login', 'POST')\n#8 {main}"}
[2026-08-13 12:52:16] [ERROR] Unhandled Exception: SQLSTATE[42S22]: Column not found: 1054 Unknown column 'b.code' in 'field list' {"file":"C:\\MAMP\\htdocs\\2026\\clinic\\app\\Helpers\\Database.php","line":52,"trace":"#0 C:\\MAMP\\htdocs\\2026\\clinic\\app\\Helpers\\Database.php(52): PDO->prepare('\\n            SE...')\n#1 C:\\MAMP\\htdocs\\2026\\clinic\\app\\Helpers\\Database.php(62): App\\Helpers\\Database::query('\\n            SE...', Array)\n#2 C:\\MAMP\\htdocs\\2026\\clinic\\app\\Models\\User.php(16): App\\Helpers\\Database::row('\\n            SE...', Array)\n#3 C:\\MAMP\\htdocs\\2026\\clinic\\app\\Models\\User.php(58): App\\Models\\User::findByUsername('admin')\n#4 C:\\MAMP\\htdocs\\2026\\clinic\\app\\Controllers\\AuthController.php(74): App\\Models\\User::verifyCredentials('admin', 'Admin@1234')\n#5 [internal function]: App\\Controllers\\AuthController->login(Array)\n#6 C:\\MAMP\\htdocs\\2026\\clinic\\app\\Router.php(80): call_user_func_array(Array, Array)\n#7 C:\\MAMP\\htdocs\\2026\\clinic\\public\\index.php(331): App\\Router->dispatch('/login', 'POST')\n#8 {main}"}
[2026-08-13 12:52:18] [ERROR] Unhandled Exception: SQLSTATE[42S22]: Column not found: 1054 Unknown column 'b.code' in 'field list' {"file":"C:\\MAMP\\htdocs\\2026\\clinic\\app\\Helpers\\Database.php","line":52,"trace":"#0 C:\\MAMP\\htdocs\\2026\\clinic\\app\\Helpers\\Database.php(52): PDO->prepare('\\n            SE...')\n#1 C:\\MAMP\\htdocs\\2026\\clinic\\app\\Helpers\\Database.php(62): App\\Helpers\\Database::query('\\n            SE...', Array)\n#2 C:\\MAMP\\htdocs\\2026\\clinic\\app\\Models\\User.php(16): App\\Helpers\\Database::row('\\n            SE...', Array)\n#3 C:\\MAMP\\htdocs\\2026\\clinic\\app\\Models\\User.php(58): App\\Models\\User::findByUsername('admin')\n#4 C:\\MAMP\\htdocs\\2026\\clinic\\app\\Controllers\\AuthController.php(74): App\\Models\\User::verifyCredentials('admin', 'Admin@1234')\n#5 [internal function]: App\\Controllers\\AuthController->login(Array)\n#6 C:\\MAMP\\htdocs\\2026\\clinic\\app\\Router.php(80): call_user_func_array(Array, Array)\n#7 C:\\MAMP\\htdocs\\2026\\clinic\\public\\index.php(331): App\\Router->dispatch('/login', 'POST')\n#8 {main}"}
[2026-08-13 12:52:32] [ERROR] Unhandled Exception: SQLSTATE[42S22]: Column not found: 1054 Unknown column 'b.code' in 'field list' {"file":"C:\\MAMP\\htdocs\\2026\\clinic\\app\\Helpers\\Database.php","line":52,"trace":"#0 C:\\MAMP\\htdocs\\2026\\clinic\\app\\Helpers\\Database.php(52): PDO->prepare('\\n            SE...')\n#1 C:\\MAMP\\htdocs\\2026\\clinic\\app\\Helpers\\Database.php(62): App\\Helpers\\Database::query('\\n            SE...', Array)\n#2 C:\\MAMP\\htdocs\\2026\\clinic\\app\\Models\\User.php(16): App\\Helpers\\Database::row('\\n            SE...', Array)\n#3 C:\\MAMP\\htdocs\\2026\\clinic\\app\\Models\\User.php(58): App\\Models\\User::findByUsername('admin')\n#4 C:\\MAMP\\htdocs\\2026\\clinic\\app\\Controllers\\AuthController.php(74): App\\Models\\User::verifyCredentials('admin', 'Admin@1234')\n#5 [internal function]: App\\Controllers\\AuthController->login(Array)\n#6 C:\\MAMP\\htdocs\\2026\\clinic\\app\\Router.php(80): call_user_func_array(Array, Array)\n#7 C:\\MAMP\\htdocs\\2026\\clinic\\public\\index.php(331): App\\Router->dispatch('/login', 'POST')\n#8 {main}"}
[2026-08-13 12:52:43] [ERROR] Unhandled Exception: SQLSTATE[42S22]: Column not found: 1054 Unknown column 'b.code' in 'field list' {"file":"C:\\MAMP\\htdocs\\2026\\clinic\\app\\Helpers\\Database.php","line":52,"trace":"#0 C:\\MAMP\\htdocs\\2026\\clinic\\app\\Helpers\\Database.php(52): PDO->prepare('\\n            SE...')\n#1 C:\\MAMP\\htdocs\\2026\\clinic\\app\\Helpers\\Database.php(62): App\\Helpers\\Database::query('\\n            SE...', Array)\n#2 C:\\MAMP\\htdocs\\2026\\clinic\\app\\Models\\User.php(16): App\\Helpers\\Database::row('\\n            SE...', Array)\n#3 C:\\MAMP\\htdocs\\2026\\clinic\\app\\Models\\User.php(58): App\\Models\\User::findByUsername('branch_kolkata')\n#4 C:\\MAMP\\htdocs\\2026\\clinic\\app\\Controllers\\AuthController.php(74): App\\Models\\User::verifyCredentials('branch_kolkata', 'Admin@1234')\n#5 [internal function]: App\\Controllers\\AuthController->login(Array)\n#6 C:\\MAMP\\htdocs\\2026\\clinic\\app\\Router.php(80): call_user_func_array(Array, Array)\n#7 C:\\MAMP\\htdocs\\2026\\clinic\\public\\index.php(331): App\\Router->dispatch('/login', 'POST')\n#8 {main}"}
[2026-08-13 12:52:43] [ERROR] Unhandled Exception: SQLSTATE[42S22]: Column not found: 1054 Unknown column 'b.code' in 'field list' {"file":"C:\\MAMP\\htdocs\\2026\\clinic\\app\\Helpers\\Database.php","line":52,"trace":"#0 C:\\MAMP\\htdocs\\2026\\clinic\\app\\Helpers\\Database.php(52): PDO->prepare('\\n            SE...')\n#1 C:\\MAMP\\htdocs\\2026\\clinic\\app\\Helpers\\Database.php(62): App\\Helpers\\Database::query('\\n            SE...', Array)\n#2 C:\\MAMP\\htdocs\\2026\\clinic\\app\\Models\\User.php(16): App\\Helpers\\Database::row('\\n            SE...', Array)\n#3 C:\\MAMP\\htdocs\\2026\\clinic\\app\\Models\\User.php(58): App\\Models\\User::findByUsername('branch_kolkata')\n#4 C:\\MAMP\\htdocs\\2026\\clinic\\app\\Controllers\\AuthController.php(74): App\\Models\\User::verifyCredentials('branch_kolkata', 'Admin@1234')\n#5 [internal function]: App\\Controllers\\AuthController->login(Array)\n#6 C:\\MAMP\\htdocs\\2026\\clinic\\app\\Router.php(80): call_user_func_array(Array, Array)\n#7 C:\\MAMP\\htdocs\\2026\\clinic\\public\\index.php(331): App\\Router->dispatch('/login', 'POST')\n#8 {main}"}
[2026-08-13 12:53:44] [ERROR] Unhandled Exception: SQLSTATE[42S22]: Column not found: 1054 Unknown column 'b.code' in 'field list' {"file":"C:\\MAMP\\htdocs\\2026\\clinic\\app\\Helpers\\Database.php","line":52,"trace":"#0 C:\\MAMP\\htdocs\\2026\\clinic\\app\\Helpers\\Database.php(52): PDO->prepare('\\n            SE...')\n#1 C:\\MAMP\\htdocs\\2026\\clinic\\app\\Helpers\\Database.php(62): App\\Helpers\\Database::query('\\n            SE...', Array)\n#2 C:\\MAMP\\htdocs\\2026\\clinic\\app\\Models\\User.php(16): App\\Helpers\\Database::row('\\n            SE...', Array)\n#3 C:\\MAMP\\htdocs\\2026\\clinic\\app\\Models\\User.php(58): App\\Models\\User::findByUsername('admin')\n#4 C:\\MAMP\\htdocs\\2026\\clinic\\app\\Controllers\\AuthController.php(74): App\\Models\\User::verifyCredentials('admin', 'Admin@1234')\n#5 [internal function]: App\\Controllers\\AuthController->login(Array)\n#6 C:\\MAMP\\htdocs\\2026\\clinic\\app\\Router.php(80): call_user_func_array(Array, Array)\n#7 C:\\MAMP\\htdocs\\2026\\clinic\\public\\index.php(331): App\\Router->dispatch('/login', 'POST')\n#8 {main}"}
[2026-08-13 12:55:04] [ERROR] Unhandled Exception: SQLSTATE[42S22]: Column not found: 1054 Unknown column 'b.code' in 'field list' {"file":"C:\\MAMP\\htdocs\\2026\\clinic\\app\\Helpers\\Database.php","line":52,"trace":"#0 C:\\MAMP\\htdocs\\2026\\clinic\\app\\Helpers\\Database.php(52): PDO->prepare('\\n            SE...')\n#1 C:\\MAMP\\htdocs\\2026\\clinic\\app\\Helpers\\Database.php(62): App\\Helpers\\Database::query('\\n            SE...', Array)\n#2 C:\\MAMP\\htdocs\\2026\\clinic\\app\\Models\\User.php(16): App\\Helpers\\Database::row('\\n            SE...', Array)\n#3 C:\\MAMP\\htdocs\\2026\\clinic\\app\\Models\\User.php(58): App\\Models\\User::findByUsername('admin')\n#4 C:\\MAMP\\htdocs\\2026\\clinic\\app\\Controllers\\AuthController.php(74): App\\Models\\User::verifyCredentials('admin', 'Admin@1234')\n#5 [internal function]: App\\Controllers\\AuthController->login(Array)\n#6 C:\\MAMP\\htdocs\\2026\\clinic\\app\\Router.php(80): call_user_func_array(Array, Array)\n#7 C:\\MAMP\\htdocs\\2026\\clinic\\public\\index.php(331): App\\Router->dispatch('/login', 'POST')\n#8 {main}"}
[2026-08-13 13:06:00] [ERROR] Unhandled Exception: Routing failure: Action method 'doctorLogout' does not exist in 'App\Controllers\AuthController'. {"file":"C:\\MAMP\\htdocs\\2026\\clinic\\app\\Router.php","line":76,"trace":"#0 C:\\MAMP\\htdocs\\2026\\clinic\\public\\index.php(331): App\\Router->dispatch('/doctor/logout', 'GET')\n#1 {main}"}
[2026-08-13 13:06:14] [ERROR] Unhandled Exception: Routing failure: Action method 'doctorLogout' does not exist in 'App\Controllers\AuthController'. {"file":"C:\\MAMP\\htdocs\\2026\\clinic\\app\\Router.php","line":76,"trace":"#0 C:\\MAMP\\htdocs\\2026\\clinic\\public\\index.php(331): App\\Router->dispatch('/doctor/logout', 'GET')\n#1 {main}"}
[2026-08-13 13:07:10] [ERROR] Unhandled Exception: Routing failure: Action method 'receptionLogout' does not exist in 'App\Controllers\AuthController'. {"file":"C:\\MAMP\\htdocs\\2026\\clinic\\app\\Router.php","line":76,"trace":"#0 C:\\MAMP\\htdocs\\2026\\clinic\\public\\index.php(331): App\\Router->dispatch('/reception/logo...', 'GET')\n#1 {main}"}
[2026-08-13 13:16:40] [ERROR] Unhandled Exception: Undefined variable $isHrActive {"file":"C:\\MAMP\\htdocs\\2026\\clinic\\views\\layout\\admin_header.php","line":594,"trace":"#0 C:\\MAMP\\htdocs\\2026\\clinic\\views\\layout\\admin_header.php(594): {closure}(2, 'Undefined varia...', 'C:\\\\MAMP\\\\htdocs\\\\...', 594)\n#1 C:\\MAMP\\htdocs\\2026\\clinic\\views\\admin\\dashboard.php(4): include('C:\\\\MAMP\\\\htdocs\\\\...')\n#2 C:\\MAMP\\htdocs\\2026\\clinic\\app\\Helpers\\functions.php(71): include('C:\\\\MAMP\\\\htdocs\\\\...')\n#3 C:\\MAMP\\htdocs\\2026\\clinic\\app\\Controllers\\AdminController.php(67): view('admin.dashboard', Array)\n#4 [internal function]: App\\Controllers\\AdminController->dashboard(Array)\n#5 C:\\MAMP\\htdocs\\2026\\clinic\\app\\Router.php(80): call_user_func_array(Array, Array)\n#6 C:\\MAMP\\htdocs\\2026\\clinic\\public\\index.php(331): App\\Router->dispatch('/admin/dashboar...', 'GET')\n#7 {main}"}
[2026-08-13 13:16:45] [ERROR] Unhandled Exception: Undefined variable $isHrActive {"file":"C:\\MAMP\\htdocs\\2026\\clinic\\views\\layout\\admin_header.php","line":594,"trace":"#0 C:\\MAMP\\htdocs\\2026\\clinic\\views\\layout\\admin_header.php(594): {closure}(2, 'Undefined varia...', 'C:\\\\MAMP\\\\htdocs\\\\...', 594)\n#1 C:\\MAMP\\htdocs\\2026\\clinic\\views\\admin\\dashboard.php(4): include('C:\\\\MAMP\\\\htdocs\\\\...')\n#2 C:\\MAMP\\htdocs\\2026\\clinic\\app\\Helpers\\functions.php(71): include('C:\\\\MAMP\\\\htdocs\\\\...')\n#3 C:\\MAMP\\htdocs\\2026\\clinic\\app\\Controllers\\AdminController.php(67): view('admin.dashboard', Array)\n#4 [internal function]: App\\Controllers\\AdminController->dashboard(Array)\n#5 C:\\MAMP\\htdocs\\2026\\clinic\\app\\Router.php(80): call_user_func_array(Array, Array)\n#6 C:\\MAMP\\htdocs\\2026\\clinic\\public\\index.php(331): App\\Router->dispatch('/admin/dashboar...', 'GET')\n#7 {main}"}
[2026-08-13 13:16:47] [ERROR] Unhandled Exception: Undefined variable $isHrActive {"file":"C:\\MAMP\\htdocs\\2026\\clinic\\views\\layout\\admin_header.php","line":594,"trace":"#0 C:\\MAMP\\htdocs\\2026\\clinic\\views\\layout\\admin_header.php(594): {closure}(2, 'Undefined varia...', 'C:\\\\MAMP\\\\htdocs\\\\...', 594)\n#1 C:\\MAMP\\htdocs\\2026\\clinic\\views\\admin\\dashboard.php(4): include('C:\\\\MAMP\\\\htdocs\\\\...')\n#2 C:\\MAMP\\htdocs\\2026\\clinic\\app\\Helpers\\functions.php(71): include('C:\\\\MAMP\\\\htdocs\\\\...')\n#3 C:\\MAMP\\htdocs\\2026\\clinic\\app\\Controllers\\AdminController.php(67): view('admin.dashboard', Array)\n#4 [internal function]: App\\Controllers\\AdminController->dashboard(Array)\n#5 C:\\MAMP\\htdocs\\2026\\clinic\\app\\Router.php(80): call_user_func_array(Array, Array)\n#6 C:\\MAMP\\htdocs\\2026\\clinic\\public\\index.php(331): App\\Router->dispatch('/admin/dashboar...', 'GET')\n#7 {main}"}
[2026-08-13 13:16:48] [ERROR] Unhandled Exception: Undefined variable $isHrActive {"file":"C:\\MAMP\\htdocs\\2026\\clinic\\views\\layout\\admin_header.php","line":594,"trace":"#0 C:\\MAMP\\htdocs\\2026\\clinic\\views\\layout\\admin_header.php(594): {closure}(2, 'Undefined varia...', 'C:\\\\MAMP\\\\htdocs\\\\...', 594)\n#1 C:\\MAMP\\htdocs\\2026\\clinic\\views\\admin\\dashboard.php(4): include('C:\\\\MAMP\\\\htdocs\\\\...')\n#2 C:\\MAMP\\htdocs\\2026\\clinic\\app\\Helpers\\functions.php(71): include('C:\\\\MAMP\\\\htdocs\\\\...')\n#3 C:\\MAMP\\htdocs\\2026\\clinic\\app\\Controllers\\AdminController.php(67): view('admin.dashboard', Array)\n#4 [internal function]: App\\Controllers\\AdminController->dashboard(Array)\n#5 C:\\MAMP\\htdocs\\2026\\clinic\\app\\Router.php(80): call_user_func_array(Array, Array)\n#6 C:\\MAMP\\htdocs\\2026\\clinic\\public\\index.php(331): App\\Router->dispatch('/admin/dashboar...', 'GET')\n#7 {main}"}
[2026-08-13 13:16:50] [ERROR] Unhandled Exception: Undefined variable $isHrActive {"file":"C:\\MAMP\\htdocs\\2026\\clinic\\views\\layout\\admin_header.php","line":594,"trace":"#0 C:\\MAMP\\htdocs\\2026\\clinic\\views\\layout\\admin_header.php(594): {closure}(2, 'Undefined varia...', 'C:\\\\MAMP\\\\htdocs\\\\...', 594)\n#1 C:\\MAMP\\htdocs\\2026\\clinic\\views\\admin\\dashboard.php(4): include('C:\\\\MAMP\\\\htdocs\\\\...')\n#2 C:\\MAMP\\htdocs\\2026\\clinic\\app\\Helpers\\functions.php(71): include('C:\\\\MAMP\\\\htdocs\\\\...')\n#3 C:\\MAMP\\htdocs\\2026\\clinic\\app\\Controllers\\AdminController.php(67): view('admin.dashboard', Array)\n#4 [internal function]: App\\Controllers\\AdminController->dashboard(Array)\n#5 C:\\MAMP\\htdocs\\2026\\clinic\\app\\Router.php(80): call_user_func_array(Array, Array)\n#6 C:\\MAMP\\htdocs\\2026\\clinic\\public\\index.php(331): App\\Router->dispatch('/admin/dashboar...', 'GET')\n#7 {main}"}
[2026-08-13 13:16:51] [ERROR] Unhandled Exception: Undefined variable $isHrActive {"file":"C:\\MAMP\\htdocs\\2026\\clinic\\views\\layout\\admin_header.php","line":594,"trace":"#0 C:\\MAMP\\htdocs\\2026\\clinic\\views\\layout\\admin_header.php(594): {closure}(2, 'Undefined varia...', 'C:\\\\MAMP\\\\htdocs\\\\...', 594)\n#1 C:\\MAMP\\htdocs\\2026\\clinic\\views\\admin\\dashboard.php(4): include('C:\\\\MAMP\\\\htdocs\\\\...')\n#2 C:\\MAMP\\htdocs\\2026\\clinic\\app\\Helpers\\functions.php(71): include('C:\\\\MAMP\\\\htdocs\\\\...')\n#3 C:\\MAMP\\htdocs\\2026\\clinic\\app\\Controllers\\AdminController.php(67): view('admin.dashboard', Array)\n#4 [internal function]: App\\Controllers\\AdminController->dashboard(Array)\n#5 C:\\MAMP\\htdocs\\2026\\clinic\\app\\Router.php(80): call_user_func_array(Array, Array)\n#6 C:\\MAMP\\htdocs\\2026\\clinic\\public\\index.php(331): App\\Router->dispatch('/admin/dashboar...', 'GET')\n#7 {main}"}
[2026-08-13 13:16:53] [ERROR] Unhandled Exception: Undefined variable $isHrActive {"file":"C:\\MAMP\\htdocs\\2026\\clinic\\views\\layout\\admin_header.php","line":594,"trace":"#0 C:\\MAMP\\htdocs\\2026\\clinic\\views\\layout\\admin_header.php(594): {closure}(2, 'Undefined varia...', 'C:\\\\MAMP\\\\htdocs\\\\...', 594)\n#1 C:\\MAMP\\htdocs\\2026\\clinic\\views\\admin\\dashboard.php(4): include('C:\\\\MAMP\\\\htdocs\\\\...')\n#2 C:\\MAMP\\htdocs\\2026\\clinic\\app\\Helpers\\functions.php(71): include('C:\\\\MAMP\\\\htdocs\\\\...')\n#3 C:\\MAMP\\htdocs\\2026\\clinic\\app\\Controllers\\AdminController.php(67): view('admin.dashboard', Array)\n#4 [internal function]: App\\Controllers\\AdminController->dashboard(Array)\n#5 C:\\MAMP\\htdocs\\2026\\clinic\\app\\Router.php(80): call_user_func_array(Array, Array)\n#6 C:\\MAMP\\htdocs\\2026\\clinic\\public\\index.php(331): App\\Router->dispatch('/admin/dashboar...', 'GET')\n#7 {main}"}
[2026-08-13 14:07:01] [ERROR] Unhandled Exception: Call to undefined method PDOStatement::getResult() {"file":"C:\\MAMP\\htdocs\\2026\\clinic\\app\\Controllers\\RoleController.php","line":27,"trace":"#0 [internal function]: App\\Controllers\\RoleController->index(Array)\n#1 C:\\MAMP\\htdocs\\2026\\clinic\\app\\Router.php(80): call_user_func_array(Array, Array)\n#2 C:\\MAMP\\htdocs\\2026\\clinic\\public\\index.php(334): App\\Router->dispatch('/admin/roles', 'GET')\n#3 {main}"}
[2026-08-13 14:14:32] [ERROR] Unhandled Exception: Call to undefined method PDOStatement::getResult() {"file":"C:\\MAMP\\htdocs\\2026\\clinic\\app\\Controllers\\RoleController.php","line":27,"trace":"#0 [internal function]: App\\Controllers\\RoleController->index(Array)\n#1 C:\\MAMP\\htdocs\\2026\\clinic\\app\\Router.php(80): call_user_func_array(Array, Array)\n#2 C:\\MAMP\\htdocs\\2026\\clinic\\public\\index.php(334): App\\Router->dispatch('/admin/roles', 'GET')\n#3 {main}"}
[2026-08-13 14:14:37] [ERROR] Unhandled Exception: Routing failure: Controller class 'App\Controllers\UserController' does not exist. {"file":"C:\\MAMP\\htdocs\\2026\\clinic\\app\\Router.php","line":71,"trace":"#0 C:\\MAMP\\htdocs\\2026\\clinic\\public\\index.php(334): App\\Router->dispatch('/admin/users', 'GET')\n#1 {main}"}
[2026-08-13 14:14:48] [ERROR] Unhandled Exception: Call to undefined method PDOStatement::getResult() {"file":"C:\\MAMP\\htdocs\\2026\\clinic\\app\\Controllers\\RoleController.php","line":27,"trace":"#0 [internal function]: App\\Controllers\\RoleController->index(Array)\n#1 C:\\MAMP\\htdocs\\2026\\clinic\\app\\Router.php(80): call_user_func_array(Array, Array)\n#2 C:\\MAMP\\htdocs\\2026\\clinic\\public\\index.php(334): App\\Router->dispatch('/admin/roles', 'GET')\n#3 {main}"}
[2026-08-13 14:16:11] [ERROR] Unhandled Exception: Using $this when not in object context {"file":"C:\\MAMP\\htdocs\\2026\\clinic\\views\\admin\\roles\\index.php","line":1,"trace":"#0 C:\\MAMP\\htdocs\\2026\\clinic\\app\\Helpers\\functions.php(71): include()\n#1 C:\\MAMP\\htdocs\\2026\\clinic\\app\\Controllers\\RoleController.php(29): view('admin.roles.ind...', Array)\n#2 [internal function]: App\\Controllers\\RoleController->index(Array)\n#3 C:\\MAMP\\htdocs\\2026\\clinic\\app\\Router.php(80): call_user_func_array(Array, Array)\n#4 C:\\MAMP\\htdocs\\2026\\clinic\\public\\index.php(334): App\\Router->dispatch('/admin/roles', 'GET')\n#5 {main}"}
[2026-08-13 14:16:12] [ERROR] Unhandled Exception: Using $this when not in object context {"file":"C:\\MAMP\\htdocs\\2026\\clinic\\views\\admin\\roles\\index.php","line":1,"trace":"#0 C:\\MAMP\\htdocs\\2026\\clinic\\app\\Helpers\\functions.php(71): include()\n#1 C:\\MAMP\\htdocs\\2026\\clinic\\app\\Controllers\\RoleController.php(29): view('admin.roles.ind...', Array)\n#2 [internal function]: App\\Controllers\\RoleController->index(Array)\n#3 C:\\MAMP\\htdocs\\2026\\clinic\\app\\Router.php(80): call_user_func_array(Array, Array)\n#4 C:\\MAMP\\htdocs\\2026\\clinic\\public\\index.php(334): App\\Router->dispatch('/admin/roles', 'GET')\n#5 {main}"}
[2026-08-13 14:16:13] [ERROR] Unhandled Exception: Using $this when not in object context {"file":"C:\\MAMP\\htdocs\\2026\\clinic\\views\\admin\\roles\\index.php","line":1,"trace":"#0 C:\\MAMP\\htdocs\\2026\\clinic\\app\\Helpers\\functions.php(71): include()\n#1 C:\\MAMP\\htdocs\\2026\\clinic\\app\\Controllers\\RoleController.php(29): view('admin.roles.ind...', Array)\n#2 [internal function]: App\\Controllers\\RoleController->index(Array)\n#3 C:\\MAMP\\htdocs\\2026\\clinic\\app\\Router.php(80): call_user_func_array(Array, Array)\n#4 C:\\MAMP\\htdocs\\2026\\clinic\\public\\index.php(334): App\\Router->dispatch('/admin/roles', 'GET')\n#5 {main}"}
[2026-08-13 14:16:13] [ERROR] Unhandled Exception: Using $this when not in object context {"file":"C:\\MAMP\\htdocs\\2026\\clinic\\views\\admin\\roles\\index.php","line":1,"trace":"#0 C:\\MAMP\\htdocs\\2026\\clinic\\app\\Helpers\\functions.php(71): include()\n#1 C:\\MAMP\\htdocs\\2026\\clinic\\app\\Controllers\\RoleController.php(29): view('admin.roles.ind...', Array)\n#2 [internal function]: App\\Controllers\\RoleController->index(Array)\n#3 C:\\MAMP\\htdocs\\2026\\clinic\\app\\Router.php(80): call_user_func_array(Array, Array)\n#4 C:\\MAMP\\htdocs\\2026\\clinic\\public\\index.php(334): App\\Router->dispatch('/admin/roles', 'GET')\n#5 {main}"}
[2026-08-13 14:18:28] [ERROR] Unhandled Exception: Using $this when not in object context {"file":"C:\\MAMP\\htdocs\\2026\\clinic\\views\\admin\\roles\\create.php","line":1,"trace":"#0 C:\\MAMP\\htdocs\\2026\\clinic\\app\\Helpers\\functions.php(71): include()\n#1 C:\\MAMP\\htdocs\\2026\\clinic\\app\\Controllers\\RoleController.php(46): view('admin.roles.cre...', Array)\n#2 [internal function]: App\\Controllers\\RoleController->create(Array)\n#3 C:\\MAMP\\htdocs\\2026\\clinic\\app\\Router.php(80): call_user_func_array(Array, Array)\n#4 C:\\MAMP\\htdocs\\2026\\clinic\\public\\index.php(334): App\\Router->dispatch('/admin/roles/cr...', 'GET')\n#5 {main}"}
[2026-08-13 14:20:21] [ERROR] Unhandled Exception: Routing failure: Action method 'permissions' does not exist in 'App\Controllers\RoleController'. {"file":"C:\\MAMP\\htdocs\\2026\\clinic\\app\\Router.php","line":76,"trace":"#0 C:\\MAMP\\htdocs\\2026\\clinic\\public\\index.php(334): App\\Router->dispatch('/admin/roles/pe...', 'GET')\n#1 {main}"}
[2026-08-13 14:28:41] [ERROR] Unhandled Exception: Routing failure: Controller class 'App\Controllers\UserController' does not exist. {"file":"C:\\MAMP\\htdocs\\2026\\clinic\\app\\Router.php","line":71,"trace":"#0 C:\\MAMP\\htdocs\\2026\\clinic\\public\\index.php(334): App\\Router->dispatch('/admin/users', 'GET')\n#1 {main}"}
[2026-08-13 14:48:27] [ERROR] Unhandled Exception: App\Controllers\BranchController::dashboard(): Argument #1 ($id) must be of type int, array given {"file":"C:\\MAMP\\htdocs\\2026\\clinic\\app\\Controllers\\BranchController.php","line":196,"trace":"#0 [internal function]: App\\Controllers\\BranchController->dashboard(Array)\n#1 C:\\MAMP\\htdocs\\2026\\clinic\\app\\Router.php(80): call_user_func_array(Array, Array)\n#2 C:\\MAMP\\htdocs\\2026\\clinic\\public\\index.php(378): App\\Router->dispatch('/branch/dashboa...', 'GET')\n#3 {main}"}
[2026-08-13 14:53:58] [ERROR] Unhandled Exception: App\Models\Branch::find(): Argument #1 ($id) must be of type int, string given, called in C:\MAMP\htdocs\2026\clinic\app\Controllers\BranchController.php on line 230 {"file":"C:\\MAMP\\htdocs\\2026\\clinic\\app\\Models\\Branch.php","line":21,"trace":"#0 C:\\MAMP\\htdocs\\2026\\clinic\\app\\Controllers\\BranchController.php(230): App\\Models\\Branch::find('1')\n#1 [internal function]: App\\Controllers\\BranchController->dashboard(Array)\n#2 C:\\MAMP\\htdocs\\2026\\clinic\\app\\Router.php(80): call_user_func_array(Array, Array)\n#3 C:\\MAMP\\htdocs\\2026\\clinic\\public\\index.php(357): App\\Router->dispatch('/branch/dashboa...', 'GET')\n#4 {main}"}
[2026-08-13 14:54:53] [ERROR] Unhandled Exception: App\Models\Branch::find(): Argument #1 ($id) must be of type int, string given, called in C:\MAMP\htdocs\2026\clinic\app\Controllers\BranchController.php on line 230 {"file":"C:\\MAMP\\htdocs\\2026\\clinic\\app\\Models\\Branch.php","line":21,"trace":"#0 C:\\MAMP\\htdocs\\2026\\clinic\\app\\Controllers\\BranchController.php(230): App\\Models\\Branch::find('1')\n#1 [internal function]: App\\Controllers\\BranchController->dashboard(Array)\n#2 C:\\MAMP\\htdocs\\2026\\clinic\\app\\Router.php(80): call_user_func_array(Array, Array)\n#3 C:\\MAMP\\htdocs\\2026\\clinic\\public\\index.php(357): App\\Router->dispatch('/branch/dashboa...', 'GET')\n#4 {main}"}
[2026-08-13 14:56:43] [ERROR] Unhandled Exception: SQLSTATE[42S22]: Column not found: 1054 Unknown column 'amount' in 'field list' {"file":"C:\\MAMP\\htdocs\\2026\\clinic\\app\\Helpers\\Database.php","line":52,"trace":"#0 C:\\MAMP\\htdocs\\2026\\clinic\\app\\Helpers\\Database.php(52): PDO->prepare('SELECT COALESCE...')\n#1 C:\\MAMP\\htdocs\\2026\\clinic\\app\\Helpers\\Database.php(62): App\\Helpers\\Database::query('SELECT COALESCE...', Array)\n#2 C:\\MAMP\\htdocs\\2026\\clinic\\app\\Controllers\\BranchController.php(248): App\\Helpers\\Database::row('SELECT COALESCE...', Array)\n#3 [internal function]: App\\Controllers\\BranchController->dashboard(Array)\n#4 C:\\MAMP\\htdocs\\2026\\clinic\\app\\Router.php(80): call_user_func_array(Array, Array)\n#5 C:\\MAMP\\htdocs\\2026\\clinic\\public\\index.php(357): App\\Router->dispatch('/branch/dashboa...', 'GET')\n#6 {main}"}
[2026-08-13 14:56:49] [ERROR] Unhandled Exception: SQLSTATE[42S22]: Column not found: 1054 Unknown column 'amount' in 'field list' {"file":"C:\\MAMP\\htdocs\\2026\\clinic\\app\\Helpers\\Database.php","line":52,"trace":"#0 C:\\MAMP\\htdocs\\2026\\clinic\\app\\Helpers\\Database.php(52): PDO->prepare('SELECT COALESCE...')\n#1 C:\\MAMP\\htdocs\\2026\\clinic\\app\\Helpers\\Database.php(62): App\\Helpers\\Database::query('SELECT COALESCE...', Array)\n#2 C:\\MAMP\\htdocs\\2026\\clinic\\app\\Controllers\\BranchController.php(248): App\\Helpers\\Database::row('SELECT COALESCE...', Array)\n#3 [internal function]: App\\Controllers\\BranchController->dashboard(Array)\n#4 C:\\MAMP\\htdocs\\2026\\clinic\\app\\Router.php(80): call_user_func_array(Array, Array)\n#5 C:\\MAMP\\htdocs\\2026\\clinic\\public\\index.php(357): App\\Router->dispatch('/branch/dashboa...', 'GET')\n#6 {main}"}
[2026-08-13 14:56:50] [ERROR] Unhandled Exception: SQLSTATE[42S22]: Column not found: 1054 Unknown column 'amount' in 'field list' {"file":"C:\\MAMP\\htdocs\\2026\\clinic\\app\\Helpers\\Database.php","line":52,"trace":"#0 C:\\MAMP\\htdocs\\2026\\clinic\\app\\Helpers\\Database.php(52): PDO->prepare('SELECT COALESCE...')\n#1 C:\\MAMP\\htdocs\\2026\\clinic\\app\\Helpers\\Database.php(62): App\\Helpers\\Database::query('SELECT COALESCE...', Array)\n#2 C:\\MAMP\\htdocs\\2026\\clinic\\app\\Controllers\\BranchController.php(248): App\\Helpers\\Database::row('SELECT COALESCE...', Array)\n#3 [internal function]: App\\Controllers\\BranchController->dashboard(Array)\n#4 C:\\MAMP\\htdocs\\2026\\clinic\\app\\Router.php(80): call_user_func_array(Array, Array)\n#5 C:\\MAMP\\htdocs\\2026\\clinic\\public\\index.php(357): App\\Router->dispatch('/branch/dashboa...', 'GET')\n#6 {main}"}
[2026-08-13 14:56:51] [ERROR] Unhandled Exception: SQLSTATE[42S22]: Column not found: 1054 Unknown column 'amount' in 'field list' {"file":"C:\\MAMP\\htdocs\\2026\\clinic\\app\\Helpers\\Database.php","line":52,"trace":"#0 C:\\MAMP\\htdocs\\2026\\clinic\\app\\Helpers\\Database.php(52): PDO->prepare('SELECT COALESCE...')\n#1 C:\\MAMP\\htdocs\\2026\\clinic\\app\\Helpers\\Database.php(62): App\\Helpers\\Database::query('SELECT COALESCE...', Array)\n#2 C:\\MAMP\\htdocs\\2026\\clinic\\app\\Controllers\\BranchController.php(248): App\\Helpers\\Database::row('SELECT COALESCE...', Array)\n#3 [internal function]: App\\Controllers\\BranchController->dashboard(Array)\n#4 C:\\MAMP\\htdocs\\2026\\clinic\\app\\Router.php(80): call_user_func_array(Array, Array)\n#5 C:\\MAMP\\htdocs\\2026\\clinic\\public\\index.php(357): App\\Router->dispatch('/branch/dashboa...', 'GET')\n#6 {main}"}
[2026-08-13 14:57:09] [ERROR] Unhandled Exception: SQLSTATE[42S22]: Column not found: 1054 Unknown column 'amount' in 'field list' {"file":"C:\\MAMP\\htdocs\\2026\\clinic\\app\\Helpers\\Database.php","line":52,"trace":"#0 C:\\MAMP\\htdocs\\2026\\clinic\\app\\Helpers\\Database.php(52): PDO->prepare('SELECT COALESCE...')\n#1 C:\\MAMP\\htdocs\\2026\\clinic\\app\\Helpers\\Database.php(62): App\\Helpers\\Database::query('SELECT COALESCE...', Array)\n#2 C:\\MAMP\\htdocs\\2026\\clinic\\app\\Controllers\\BranchController.php(248): App\\Helpers\\Database::row('SELECT COALESCE...', Array)\n#3 [internal function]: App\\Controllers\\BranchController->dashboard(Array)\n#4 C:\\MAMP\\htdocs\\2026\\clinic\\app\\Router.php(80): call_user_func_array(Array, Array)\n#5 C:\\MAMP\\htdocs\\2026\\clinic\\public\\index.php(357): App\\Router->dispatch('/branch/dashboa...', 'GET')\n#6 {main}"}
[2026-08-13 14:58:39] [ERROR] Unhandled Exception: SQLSTATE[42S22]: Column not found: 1054 Unknown column 'e.branch_id' in 'where clause' {"file":"C:\\MAMP\\htdocs\\2026\\clinic\\app\\Helpers\\Database.php","line":52,"trace":"#0 C:\\MAMP\\htdocs\\2026\\clinic\\app\\Helpers\\Database.php(52): PDO->prepare('\\n            SE...')\n#1 C:\\MAMP\\htdocs\\2026\\clinic\\app\\Helpers\\Database.php(72): App\\Helpers\\Database::query('\\n            SE...', Array)\n#2 C:\\MAMP\\htdocs\\2026\\clinic\\app\\Controllers\\BranchController.php(257): App\\Helpers\\Database::all('\\n            SE...', Array)\n#3 [internal function]: App\\Controllers\\BranchController->dashboard(Array)\n#4 C:\\MAMP\\htdocs\\2026\\clinic\\app\\Router.php(80): call_user_func_array(Array, Array)\n#5 C:\\MAMP\\htdocs\\2026\\clinic\\public\\index.php(357): App\\Router->dispatch('/branch/dashboa...', 'GET')\n#6 {main}"}
[2026-08-13 14:58:41] [ERROR] Unhandled Exception: SQLSTATE[42S22]: Column not found: 1054 Unknown column 'e.branch_id' in 'where clause' {"file":"C:\\MAMP\\htdocs\\2026\\clinic\\app\\Helpers\\Database.php","line":52,"trace":"#0 C:\\MAMP\\htdocs\\2026\\clinic\\app\\Helpers\\Database.php(52): PDO->prepare('\\n            SE...')\n#1 C:\\MAMP\\htdocs\\2026\\clinic\\app\\Helpers\\Database.php(72): App\\Helpers\\Database::query('\\n            SE...', Array)\n#2 C:\\MAMP\\htdocs\\2026\\clinic\\app\\Controllers\\BranchController.php(257): App\\Helpers\\Database::all('\\n            SE...', Array)\n#3 [internal function]: App\\Controllers\\BranchController->dashboard(Array)\n#4 C:\\MAMP\\htdocs\\2026\\clinic\\app\\Router.php(80): call_user_func_array(Array, Array)\n#5 C:\\MAMP\\htdocs\\2026\\clinic\\public\\index.php(357): App\\Router->dispatch('/branch/dashboa...', 'GET')\n#6 {main}"}
[2026-08-13 14:58:42] [ERROR] Unhandled Exception: SQLSTATE[42S22]: Column not found: 1054 Unknown column 'e.branch_id' in 'where clause' {"file":"C:\\MAMP\\htdocs\\2026\\clinic\\app\\Helpers\\Database.php","line":52,"trace":"#0 C:\\MAMP\\htdocs\\2026\\clinic\\app\\Helpers\\Database.php(52): PDO->prepare('\\n            SE...')\n#1 C:\\MAMP\\htdocs\\2026\\clinic\\app\\Helpers\\Database.php(72): App\\Helpers\\Database::query('\\n            SE...', Array)\n#2 C:\\MAMP\\htdocs\\2026\\clinic\\app\\Controllers\\BranchController.php(257): App\\Helpers\\Database::all('\\n            SE...', Array)\n#3 [internal function]: App\\Controllers\\BranchController->dashboard(Array)\n#4 C:\\MAMP\\htdocs\\2026\\clinic\\app\\Router.php(80): call_user_func_array(Array, Array)\n#5 C:\\MAMP\\htdocs\\2026\\clinic\\public\\index.php(357): App\\Router->dispatch('/branch/dashboa...', 'GET')\n#6 {main}"}
[2026-08-13 15:00:01] [ERROR] Unhandled Exception: include(C:\MAMP\htdocs\2026\clinic\views\layout/branch_header.php): Failed to open stream: No such file or directory {"file":"C:\\MAMP\\htdocs\\2026\\clinic\\views\\layout\\admin_header.php","line":28,"trace":"#0 C:\\MAMP\\htdocs\\2026\\clinic\\views\\layout\\admin_header.php(28): {closure}(2, 'include(C:\\\\MAMP...', 'C:\\\\MAMP\\\\htdocs\\\\...', 28)\n#1 C:\\MAMP\\htdocs\\2026\\clinic\\views\\layout\\admin_header.php(28): include()\n#2 C:\\MAMP\\htdocs\\2026\\clinic\\views\\admin\\branches\\dashboard.php(3): include('C:\\\\MAMP\\\\htdocs\\\\...')\n#3 C:\\MAMP\\htdocs\\2026\\clinic\\app\\Helpers\\functions.php(71): include('C:\\\\MAMP\\\\htdocs\\\\...')\n#4 C:\\MAMP\\htdocs\\2026\\clinic\\app\\Controllers\\BranchController.php(263): view('admin.branches....', Array)\n#5 [internal function]: App\\Controllers\\BranchController->dashboard(Array)\n#6 C:\\MAMP\\htdocs\\2026\\clinic\\app\\Router.php(80): call_user_func_array(Array, Array)\n#7 C:\\MAMP\\htdocs\\2026\\clinic\\public\\index.php(357): App\\Router->dispatch('/branch/dashboa...', 'GET')\n#8 {main}"}
[2026-08-13 15:01:28] [ERROR] Unhandled Exception: include(C:\MAMP\htdocs\2026\clinic\views\layout/branch_header.php): Failed to open stream: No such file or directory {"file":"C:\\MAMP\\htdocs\\2026\\clinic\\views\\layout\\admin_header.php","line":28,"trace":"#0 C:\\MAMP\\htdocs\\2026\\clinic\\views\\layout\\admin_header.php(28): {closure}(2, 'include(C:\\\\MAMP...', 'C:\\\\MAMP\\\\htdocs\\\\...', 28)\n#1 C:\\MAMP\\htdocs\\2026\\clinic\\views\\layout\\admin_header.php(28): include()\n#2 C:\\MAMP\\htdocs\\2026\\clinic\\views\\admin\\branches\\dashboard.php(3): include('C:\\\\MAMP\\\\htdocs\\\\...')\n#3 C:\\MAMP\\htdocs\\2026\\clinic\\app\\Helpers\\functions.php(71): include('C:\\\\MAMP\\\\htdocs\\\\...')\n#4 C:\\MAMP\\htdocs\\2026\\clinic\\app\\Controllers\\BranchController.php(267): view('admin.branches....', Array)\n#5 [internal function]: App\\Controllers\\BranchController->dashboard(Array)\n#6 C:\\MAMP\\htdocs\\2026\\clinic\\app\\Router.php(80): call_user_func_array(Array, Array)\n#7 C:\\MAMP\\htdocs\\2026\\clinic\\public\\index.php(357): App\\Router->dispatch('/branch/dashboa...', 'GET')\n#8 {main}"}
[2026-08-13 15:01:32] [ERROR] Unhandled Exception: include(C:\MAMP\htdocs\2026\clinic\views\layout/branch_header.php): Failed to open stream: No such file or directory {"file":"C:\\MAMP\\htdocs\\2026\\clinic\\views\\layout\\admin_header.php","line":28,"trace":"#0 C:\\MAMP\\htdocs\\2026\\clinic\\views\\layout\\admin_header.php(28): {closure}(2, 'include(C:\\\\MAMP...', 'C:\\\\MAMP\\\\htdocs\\\\...', 28)\n#1 C:\\MAMP\\htdocs\\2026\\clinic\\views\\layout\\admin_header.php(28): include()\n#2 C:\\MAMP\\htdocs\\2026\\clinic\\views\\admin\\branches\\dashboard.php(3): include('C:\\\\MAMP\\\\htdocs\\\\...')\n#3 C:\\MAMP\\htdocs\\2026\\clinic\\app\\Helpers\\functions.php(71): include('C:\\\\MAMP\\\\htdocs\\\\...')\n#4 C:\\MAMP\\htdocs\\2026\\clinic\\app\\Controllers\\BranchController.php(267): view('admin.branches....', Array)\n#5 [internal function]: App\\Controllers\\BranchController->dashboard(Array)\n#6 C:\\MAMP\\htdocs\\2026\\clinic\\app\\Router.php(80): call_user_func_array(Array, Array)\n#7 C:\\MAMP\\htdocs\\2026\\clinic\\public\\index.php(357): App\\Router->dispatch('/branch/dashboa...', 'GET')\n#8 {main}"}
[2026-08-13 15:02:02] [ERROR] Unhandled Exception: include(C:\MAMP\htdocs\2026\clinic\views\layout/branch_header.php): Failed to open stream: No such file or directory {"file":"C:\\MAMP\\htdocs\\2026\\clinic\\views\\layout\\admin_header.php","line":28,"trace":"#0 C:\\MAMP\\htdocs\\2026\\clinic\\views\\layout\\admin_header.php(28): {closure}(2, 'include(C:\\\\MAMP...', 'C:\\\\MAMP\\\\htdocs\\\\...', 28)\n#1 C:\\MAMP\\htdocs\\2026\\clinic\\views\\layout\\admin_header.php(28): include()\n#2 C:\\MAMP\\htdocs\\2026\\clinic\\views\\admin\\branches\\dashboard.php(3): include('C:\\\\MAMP\\\\htdocs\\\\...')\n#3 C:\\MAMP\\htdocs\\2026\\clinic\\app\\Helpers\\functions.php(71): include('C:\\\\MAMP\\\\htdocs\\\\...')\n#4 C:\\MAMP\\htdocs\\2026\\clinic\\app\\Controllers\\BranchController.php(267): view('admin.branches....', Array)\n#5 [internal function]: App\\Controllers\\BranchController->dashboard(Array)\n#6 C:\\MAMP\\htdocs\\2026\\clinic\\app\\Router.php(80): call_user_func_array(Array, Array)\n#7 C:\\MAMP\\htdocs\\2026\\clinic\\public\\index.php(357): App\\Router->dispatch('/branch/dashboa...', 'GET')\n#8 {main}"}
[2026-08-13 15:10:22] [ERROR] Unhandled Exception: SQLSTATE[42S22]: Column not found: 1054 Unknown column 'a.time' in 'order clause' {"file":"C:\\MAMP\\htdocs\\2026\\clinic\\app\\Helpers\\Database.php","line":52,"trace":"#0 C:\\MAMP\\htdocs\\2026\\clinic\\app\\Helpers\\Database.php(52): PDO->prepare('\\n            SE...')\n#1 C:\\MAMP\\htdocs\\2026\\clinic\\app\\Helpers\\Database.php(72): App\\Helpers\\Database::query('\\n            SE...', Array)\n#2 C:\\MAMP\\htdocs\\2026\\clinic\\app\\Controllers\\BranchController.php(303): App\\Helpers\\Database::all('\\n            SE...', Array)\n#3 [internal function]: App\\Controllers\\BranchController->appointments(Array)\n#4 C:\\MAMP\\htdocs\\2026\\clinic\\app\\Router.php(80): call_user_func_array(Array, Array)\n#5 C:\\MAMP\\htdocs\\2026\\clinic\\public\\index.php(357): App\\Router->dispatch('/branch/appoint...', 'GET')\n#6 {main}"}
[2026-08-13 15:10:26] [ERROR] Unhandled Exception: SQLSTATE[42S22]: Column not found: 1054 Unknown column 'e.status' in 'where clause' {"file":"C:\\MAMP\\htdocs\\2026\\clinic\\app\\Helpers\\Database.php","line":52,"trace":"#0 C:\\MAMP\\htdocs\\2026\\clinic\\app\\Helpers\\Database.php(52): PDO->prepare('\\n            SE...')\n#1 C:\\MAMP\\htdocs\\2026\\clinic\\app\\Helpers\\Database.php(72): App\\Helpers\\Database::query('\\n            SE...', Array)\n#2 C:\\MAMP\\htdocs\\2026\\clinic\\app\\Controllers\\BranchController.php(327): App\\Helpers\\Database::all('\\n            SE...', Array)\n#3 [internal function]: App\\Controllers\\BranchController->employees(Array)\n#4 C:\\MAMP\\htdocs\\2026\\clinic\\app\\Router.php(80): call_user_func_array(Array, Array)\n#5 C:\\MAMP\\htdocs\\2026\\clinic\\public\\index.php(357): App\\Router->dispatch('/branch/employe...', 'GET')\n#6 {main}"}
[2026-08-13 15:10:30] [ERROR] Unhandled Exception: View template not found: admin.reports.index {"file":"C:\\MAMP\\htdocs\\2026\\clinic\\app\\Helpers\\functions.php","line":62,"trace":"#0 C:\\MAMP\\htdocs\\2026\\clinic\\app\\Controllers\\BranchController.php(354): view('admin.reports.i...', Array)\n#1 [internal function]: App\\Controllers\\BranchController->reports(Array)\n#2 C:\\MAMP\\htdocs\\2026\\clinic\\app\\Router.php(80): call_user_func_array(Array, Array)\n#3 C:\\MAMP\\htdocs\\2026\\clinic\\public\\index.php(357): App\\Router->dispatch('/branch/reports...', 'GET')\n#4 {main}"}
[2026-08-13 15:11:23] [ERROR] Unhandled Exception: Routing failure: Action method 'permissions' does not exist in 'App\Controllers\RoleController'. {"file":"C:\\MAMP\\htdocs\\2026\\clinic\\app\\Router.php","line":76,"trace":"#0 C:\\MAMP\\htdocs\\2026\\clinic\\public\\index.php(357): App\\Router->dispatch('/admin/roles/pe...', 'GET')\n#1 {main}"}
[2026-08-13 15:11:26] [ERROR] Unhandled Exception: App\Controllers\RoleController::edit(): Argument #1 ($id) must be of type int, array given {"file":"C:\\MAMP\\htdocs\\2026\\clinic\\app\\Controllers\\RoleController.php","line":117,"trace":"#0 [internal function]: App\\Controllers\\RoleController->edit(Array)\n#1 C:\\MAMP\\htdocs\\2026\\clinic\\app\\Router.php(80): call_user_func_array(Array, Array)\n#2 C:\\MAMP\\htdocs\\2026\\clinic\\public\\index.php(357): App\\Router->dispatch('/admin/roles/ed...', 'GET')\n#3 {main}"}
[2026-08-13 16:23:46] [ERROR] Unhandled Exception: Routing failure: Controller class 'App\Controllers\UserController' does not exist. {"file":"C:\\MAMP\\htdocs\\2026\\clinic\\app\\Router.php","line":71,"trace":"#0 C:\\MAMP\\htdocs\\2026\\clinic\\public\\index.php(357): App\\Router->dispatch('/admin/users', 'GET')\n#1 {main}"}
[2026-08-13 16:43:11] [ERROR] Failed to write activity log to database: Non-static method App\Helpers\Database::execute() cannot be called statically {"action":"Session Timeout","details":"User admin was logged out due to inactivity.","user_id":52}
[2026-08-13 16:43:18] [ERROR] Failed to write activity log to database: Non-static method App\Helpers\Database::execute() cannot be called statically {"action":"User Login","details":"User admin logged in from IP: ::1","user_id":52}
[2026-08-13 16:43:35] [ERROR] Failed to write activity log to database: Non-static method App\Helpers\Database::execute() cannot be called statically {"action":"User Logout","details":"User admin logged out.","user_id":52}
[2026-08-13 16:43:55] [ERROR] Failed to write activity log to database: Non-static method App\Helpers\Database::execute() cannot be called statically {"action":"User Login","details":"User admin logged in from IP: ::1","user_id":52}
[2026-08-13 16:44:51] [ERROR] Failed to write activity log to database: Non-static method App\Helpers\Database::execute() cannot be called statically {"action":"User Logout","details":"User admin logged out.","user_id":52}
[2026-08-13 16:45:01] [ERROR] Failed to write activity log to database: Non-static method App\Helpers\Database::execute() cannot be called statically {"action":"User Login","details":"User branch.kolkata@clinic.com logged in from IP: ::1","user_id":53}
[2026-08-13 16:45:02] [ERROR] Unhandled Exception: SQLSTATE[42S22]: Column not found: 1054 Unknown column 'branch_id' in 'where clause' {"file":"C:\\MAMP\\htdocs\\2026\\clinic\\app\\Helpers\\Database.php","line":85,"trace":"#0 C:\\MAMP\\htdocs\\2026\\clinic\\app\\Helpers\\Database.php(85): PDO->prepare('SELECT COUNT(*)...')\n#1 C:\\MAMP\\htdocs\\2026\\clinic\\app\\Controllers\\AdminController.php(76): App\\Helpers\\Database->getOne('SELECT COUNT(*)...', Array)\n#2 [internal function]: App\\Controllers\\AdminController->dashboard(Array)\n#3 C:\\MAMP\\htdocs\\2026\\clinic\\app\\Router.php(80): call_user_func_array(Array, Array)\n#4 C:\\MAMP\\htdocs\\2026\\clinic\\public\\index.php(352): App\\Router->dispatch('/admin/dashboar...', 'GET')\n#5 {main}"}
[2026-08-13 17:02:13] [ERROR] Failed to write activity log to database: Non-static method App\Helpers\Database::execute() cannot be called statically {"action":"User Logout","details":"User branch_kolkata logged out.","user_id":53}
[2026-08-13 17:02:20] [ERROR] Failed to write activity log to database: Non-static method App\Helpers\Database::execute() cannot be called statically {"action":"User Login","details":"User admin logged in from IP: ::1","user_id":52}
[2026-08-13 17:02:35] [ERROR] Unhandled Exception: Routing failure: Action method 'permissions' does not exist in 'App\Controllers\RoleController'. {"file":"C:\\MAMP\\htdocs\\2026\\clinic\\app\\Router.php","line":76,"trace":"#0 C:\\MAMP\\htdocs\\2026\\clinic\\public\\index.php(352): App\\Router->dispatch('/admin/roles/pe...', 'GET')\n#1 {main}"}
[2026-08-13 17:02:37] [ERROR] Unhandled Exception: App\Controllers\RoleController::edit(): Argument #1 ($id) must be of type int, array given {"file":"C:\\MAMP\\htdocs\\2026\\clinic\\app\\Controllers\\RoleController.php","line":117,"trace":"#0 [internal function]: App\\Controllers\\RoleController->edit(Array)\n#1 C:\\MAMP\\htdocs\\2026\\clinic\\app\\Router.php(80): call_user_func_array(Array, Array)\n#2 C:\\MAMP\\htdocs\\2026\\clinic\\public\\index.php(352): App\\Router->dispatch('/admin/roles/ed...', 'GET')\n#3 {main}"}
[2026-08-13 17:03:43] [ERROR] Unhandled Exception: SQLSTATE[42S22]: Column not found: 1054 Unknown column 'quantity' in 'where clause' {"file":"C:\\MAMP\\htdocs\\2026\\clinic\\app\\Helpers\\Database.php","line":106,"trace":"#0 C:\\MAMP\\htdocs\\2026\\clinic\\app\\Helpers\\Database.php(106): PDO->prepare('SELECT * FROM m...')\n#1 C:\\MAMP\\htdocs\\2026\\clinic\\app\\Controllers\\AdminController.php(129): App\\Helpers\\Database->getAll('SELECT * FROM m...')\n#2 [internal function]: App\\Controllers\\AdminController->dashboard(Array)\n#3 C:\\MAMP\\htdocs\\2026\\clinic\\app\\Router.php(80): call_user_func_array(Array, Array)\n#4 C:\\MAMP\\htdocs\\2026\\clinic\\public\\index.php(352): App\\Router->dispatch('/admin/dashboar...', 'GET')\n#5 {main}"}
[2026-08-13 17:03:51] [ERROR] Unhandled Exception: SQLSTATE[42S22]: Column not found: 1054 Unknown column 'quantity' in 'where clause' {"file":"C:\\MAMP\\htdocs\\2026\\clinic\\app\\Helpers\\Database.php","line":106,"trace":"#0 C:\\MAMP\\htdocs\\2026\\clinic\\app\\Helpers\\Database.php(106): PDO->prepare('SELECT * FROM m...')\n#1 C:\\MAMP\\htdocs\\2026\\clinic\\app\\Controllers\\AdminController.php(129): App\\Helpers\\Database->getAll('SELECT * FROM m...')\n#2 [internal function]: App\\Controllers\\AdminController->dashboard(Array)\n#3 C:\\MAMP\\htdocs\\2026\\clinic\\app\\Router.php(80): call_user_func_array(Array, Array)\n#4 C:\\MAMP\\htdocs\\2026\\clinic\\public\\index.php(352): App\\Router->dispatch('/admin/dashboar...', 'GET')\n#5 {main}"}
[2026-08-13 17:05:45] [ERROR] Unhandled Exception: Routing failure: Controller class 'App\Controllers\UserController' does not exist. {"file":"C:\\MAMP\\htdocs\\2026\\clinic\\app\\Router.php","line":71,"trace":"#0 C:\\MAMP\\htdocs\\2026\\clinic\\public\\index.php(352): App\\Router->dispatch('/admin/users', 'GET')\n#1 {main}"}
[2026-08-13 17:05:48] [ERROR] Unhandled Exception: Routing failure: Controller class 'App\Controllers\UserController' does not exist. {"file":"C:\\MAMP\\htdocs\\2026\\clinic\\app\\Router.php","line":71,"trace":"#0 C:\\MAMP\\htdocs\\2026\\clinic\\public\\index.php(352): App\\Router->dispatch('/admin/users', 'GET')\n#1 {main}"}
[2026-08-13 17:05:50] [ERROR] Unhandled Exception: Routing failure: Controller class 'App\Controllers\UserController' does not exist. {"file":"C:\\MAMP\\htdocs\\2026\\clinic\\app\\Router.php","line":71,"trace":"#0 C:\\MAMP\\htdocs\\2026\\clinic\\public\\index.php(352): App\\Router->dispatch('/admin/users', 'GET')\n#1 {main}"}
[2026-08-13 17:06:08] [ERROR] Unhandled Exception: Non-static method App\Helpers\Database::beginTransaction() cannot be called statically {"file":"C:\\MAMP\\htdocs\\2026\\clinic\\app\\Models\\Salary.php","line":37,"trace":"#0 C:\\MAMP\\htdocs\\2026\\clinic\\app\\Controllers\\SalaryController.php(29): App\\Models\\Salary::generatePayroll('08-2026', NULL)\n#1 [internal function]: App\\Controllers\\SalaryController->index(Array)\n#2 C:\\MAMP\\htdocs\\2026\\clinic\\app\\Router.php(80): call_user_func_array(Array, Array)\n#3 C:\\MAMP\\htdocs\\2026\\clinic\\public\\index.php(352): App\\Router->dispatch('/admin/salary', 'GET')\n#4 {main}"}
[2026-08-13 17:09:00] [ERROR] Unhandled Exception: App\Controllers\RoleController::delete(): Argument #1 ($id) must be of type int, array given {"file":"C:\\MAMP\\htdocs\\2026\\clinic\\app\\Controllers\\RoleController.php","line":199,"trace":"#0 [internal function]: App\\Controllers\\RoleController->delete(Array)\n#1 C:\\MAMP\\htdocs\\2026\\clinic\\app\\Router.php(80): call_user_func_array(Array, Array)\n#2 C:\\MAMP\\htdocs\\2026\\clinic\\public\\index.php(352): App\\Router->dispatch('/admin/roles/de...', 'GET')\n#3 {main}"}
[2026-08-13 17:09:05] [ERROR] Unhandled Exception: Routing failure: Controller class 'App\Controllers\UserController' does not exist. {"file":"C:\\MAMP\\htdocs\\2026\\clinic\\app\\Router.php","line":71,"trace":"#0 C:\\MAMP\\htdocs\\2026\\clinic\\public\\index.php(352): App\\Router->dispatch('/admin/users', 'GET')\n#1 {main}"}
[2026-08-13 17:09:19] [ERROR] Failed to write activity log to database: Non-static method App\Helpers\Database::execute() cannot be called statically {"action":"User Logout","details":"User admin logged out.","user_id":52}
[2026-08-13 17:09:30] [ERROR] Failed to write activity log to database: Non-static method App\Helpers\Database::execute() cannot be called statically {"action":"User Login","details":"User branch.kolkata@clinic.com logged in from IP: ::1","user_id":53}
[2026-08-13 17:10:15] [ERROR] Failed to write activity log to database: Non-static method App\Helpers\Database::execute() cannot be called statically {"action":"User Logout","details":"User branch_kolkata logged out.","user_id":53}
[2026-08-13 17:10:26] [ERROR] Failed to write activity log to database: Non-static method App\Helpers\Database::execute() cannot be called statically {"action":"User Login","details":"User admin logged in from IP: ::1","user_id":52}
[2026-08-13 17:22:16] [ERROR] Failed to write activity log to database: Non-static method App\Helpers\Database::execute() cannot be called statically {"action":"User Logout","details":"User admin logged out.","user_id":52}
[2026-08-13 17:22:23] [ERROR] Failed to write activity log to database: Non-static method App\Helpers\Database::execute() cannot be called statically {"action":"User Login","details":"User branch.kolkata@clinic.com logged in from IP: ::1","user_id":53}
[2026-08-13 17:23:12] [ERROR] Failed to write activity log to database: Non-static method App\Helpers\Database::execute() cannot be called statically {"action":"User Logout","details":"User branch_kolkata logged out.","user_id":53}
[2026-08-13 17:23:25] [ERROR] Failed to write activity log to database: Non-static method App\Helpers\Database::execute() cannot be called statically {"action":"User Login","details":"User admin logged in from IP: ::1","user_id":52}
[2026-08-13 17:27:46] [ERROR] Failed to register patient profile: Non-static method App\Helpers\Database::execute() cannot be called statically
[2026-08-13 17:28:10] [ERROR] Failed to register patient profile: Non-static method App\Helpers\Database::execute() cannot be called statically
[2026-08-13 17:34:10] [ERROR] Failed to write activity log to database: Non-static method App\Helpers\Database::execute() cannot be called statically {"action":"Patient Registration","details":"Registered patient: Martina Dorsey (ID: 1)","user_id":52}
[2026-08-13 17:34:25] [ERROR] Failed to write activity log to database: Non-static method App\Helpers\Database::execute() cannot be called statically {"action":"Patient Registration","details":"Registered patient: Louis Alvarez (ID: 2)","user_id":52}
[2026-08-13 17:34:29] [ERROR] Failed to write activity log to database: Non-static method App\Helpers\Database::execute() cannot be called statically {"action":"Patient Registration","details":"Registered patient: Arthur Justice (ID: 3)","user_id":52}
[2026-08-13 17:34:41] [ERROR] Failed to write activity log to database: Non-static method App\Helpers\Database::execute() cannot be called statically {"action":"User Logout","details":"User admin logged out.","user_id":52}
[2026-08-13 17:34:48] [ERROR] Failed to write activity log to database: Non-static method App\Helpers\Database::execute() cannot be called statically {"action":"User Login","details":"User branch.kolkata@clinic.com logged in from IP: ::1","user_id":53}
[2026-08-13 17:38:07] [ERROR] Failed to write activity log to database: Non-static method App\Helpers\Database::execute() cannot be called statically {"action":"Patient Registration","details":"Registered patient: Amena Fitzpatrick (ID: 4)","user_id":53}
[2026-08-13 17:38:14] [ERROR] Failed to write activity log to database: Non-static method App\Helpers\Database::execute() cannot be called statically {"action":"Patient Registration","details":"Registered patient: Amery Skinner (ID: 5)","user_id":53}
[2026-08-13 17:38:21] [ERROR] Failed to write activity log to database: Non-static method App\Helpers\Database::execute() cannot be called statically {"action":"Patient Registration","details":"Registered patient: Kevin Barlow (ID: 6)","user_id":53}
[2026-08-13 17:38:32] [ERROR] Failed to write activity log to database: Non-static method App\Helpers\Database::execute() cannot be called statically {"action":"User Logout","details":"User branch_kolkata logged out.","user_id":53}
[2026-08-13 17:38:47] [ERROR] Failed to write activity log to database: Non-static method App\Helpers\Database::execute() cannot be called statically {"action":"User Login","details":"User admin logged in from IP: ::1","user_id":52}
[2026-08-13 17:39:52] [ERROR] Unhandled Exception: Non-static method App\Helpers\Database::beginTransaction() cannot be called statically {"file":"C:\\MAMP\\htdocs\\2026\\clinic\\app\\Models\\Employee.php","line":106,"trace":"#0 C:\\MAMP\\htdocs\\2026\\clinic\\app\\Controllers\\EmployeeController.php(91): App\\Models\\Employee::create(Array)\n#1 [internal function]: App\\Controllers\\EmployeeController->store(Array)\n#2 C:\\MAMP\\htdocs\\2026\\clinic\\app\\Router.php(80): call_user_func_array(Array, Array)\n#3 C:\\MAMP\\htdocs\\2026\\clinic\\public\\index.php(352): App\\Router->dispatch('/admin/employee...', 'POST')\n#4 {main}"}
[2026-08-13 17:41:47] [ERROR] Unhandled Exception: Routing failure: Controller class 'App\Controllers\UserController' does not exist. {"file":"C:\\MAMP\\htdocs\\2026\\clinic\\app\\Router.php","line":71,"trace":"#0 C:\\MAMP\\htdocs\\2026\\clinic\\public\\index.php(352): App\\Router->dispatch('/admin/users', 'GET')\n#1 {main}"}
[2026-08-13 17:42:49] [ERROR] Failed to write activity log to database: Non-static method App\Helpers\Database::execute() cannot be called statically {"action":"User Logout","details":"User admin logged out.","user_id":52}
[2026-08-13 17:42:56] [ERROR] Failed to write activity log to database: Non-static method App\Helpers\Database::execute() cannot be called statically {"action":"Failed Login","details":"Failed login: reception.kolkata@clinic.com from IP: ::1","user_id":null}
[2026-08-13 17:44:01] [ERROR] Failed to write activity log to database: Non-static method App\Helpers\Database::execute() cannot be called statically {"action":"User Login","details":"User reception.kolkata@clinic.com logged in from IP: ::1","user_id":55}
[2026-08-13 17:44:36] [ERROR] Unhandled Exception: Undefined variable $isBranchAdmin {"file":"C:\\MAMP\\htdocs\\2026\\clinic\\views\\admin\\patients\\create.php","line":13,"trace":"#0 C:\\MAMP\\htdocs\\2026\\clinic\\views\\admin\\patients\\create.php(13): {closure}(2, 'Undefined varia...', 'C:\\\\MAMP\\\\htdocs\\\\...', 13)\n#1 C:\\MAMP\\htdocs\\2026\\clinic\\app\\Helpers\\functions.php(71): include('C:\\\\MAMP\\\\htdocs\\\\...')\n#2 C:\\MAMP\\htdocs\\2026\\clinic\\app\\Controllers\\ReceptionController.php(121): view('admin.patients....', Array)\n#3 [internal function]: App\\Controllers\\ReceptionController->createPatientForm(Array)\n#4 C:\\MAMP\\htdocs\\2026\\clinic\\app\\Router.php(80): call_user_func_array(Array, Array)\n#5 C:\\MAMP\\htdocs\\2026\\clinic\\public\\index.php(352): App\\Router->dispatch('/reception/pati...', 'GET')\n#6 {main}"}
[2026-08-13 17:51:10] [ERROR] Failed to write activity log to database: Non-static method App\Helpers\Database::execute() cannot be called statically {"action":"Patient Registration","details":"Registered patient: Sonia Abbott (ID: 7)","user_id":55}
[2026-08-13 17:54:51] [ERROR] Unhandled Exception: Undefined variable $isBranchAdmin {"file":"C:\\MAMP\\htdocs\\2026\\clinic\\views\\admin\\patients\\edit.php","line":16,"trace":"#0 C:\\MAMP\\htdocs\\2026\\clinic\\views\\admin\\patients\\edit.php(16): {closure}(2, 'Undefined varia...', 'C:\\\\MAMP\\\\htdocs\\\\...', 16)\n#1 C:\\MAMP\\htdocs\\2026\\clinic\\app\\Helpers\\functions.php(71): include('C:\\\\MAMP\\\\htdocs\\\\...')\n#2 C:\\MAMP\\htdocs\\2026\\clinic\\app\\Controllers\\PatientController.php(165): view('admin.patients....', Array)\n#3 [internal function]: App\\Controllers\\PatientController->edit(Array)\n#4 C:\\MAMP\\htdocs\\2026\\clinic\\app\\Router.php(80): call_user_func_array(Array, Array)\n#5 C:\\MAMP\\htdocs\\2026\\clinic\\public\\index.php(352): App\\Router->dispatch('/admin/patients...', 'GET')\n#6 {main}"}
[2026-08-13 17:55:15] [ERROR] Unhandled Exception: Undefined variable $isBranchAdmin {"file":"C:\\MAMP\\htdocs\\2026\\clinic\\views\\admin\\patients\\edit.php","line":16,"trace":"#0 C:\\MAMP\\htdocs\\2026\\clinic\\views\\admin\\patients\\edit.php(16): {closure}(2, 'Undefined varia...', 'C:\\\\MAMP\\\\htdocs\\\\...', 16)\n#1 C:\\MAMP\\htdocs\\2026\\clinic\\app\\Helpers\\functions.php(71): include('C:\\\\MAMP\\\\htdocs\\\\...')\n#2 C:\\MAMP\\htdocs\\2026\\clinic\\app\\Controllers\\PatientController.php(165): view('admin.patients....', Array)\n#3 [internal function]: App\\Controllers\\PatientController->edit(Array)\n#4 C:\\MAMP\\htdocs\\2026\\clinic\\app\\Router.php(80): call_user_func_array(Array, Array)\n#5 C:\\MAMP\\htdocs\\2026\\clinic\\public\\index.php(352): App\\Router->dispatch('/admin/patients...', 'GET')\n#6 {main}"}
[2026-08-13 17:55:17] [ERROR] Unhandled Exception: Undefined variable $isBranchAdmin {"file":"C:\\MAMP\\htdocs\\2026\\clinic\\views\\admin\\patients\\create.php","line":13,"trace":"#0 C:\\MAMP\\htdocs\\2026\\clinic\\views\\admin\\patients\\create.php(13): {closure}(2, 'Undefined varia...', 'C:\\\\MAMP\\\\htdocs\\\\...', 13)\n#1 C:\\MAMP\\htdocs\\2026\\clinic\\app\\Helpers\\functions.php(71): include('C:\\\\MAMP\\\\htdocs\\\\...')\n#2 C:\\MAMP\\htdocs\\2026\\clinic\\app\\Controllers\\PatientController.php(64): view('admin.patients....', Array)\n#3 [internal function]: App\\Controllers\\PatientController->create(Array)\n#4 C:\\MAMP\\htdocs\\2026\\clinic\\app\\Router.php(80): call_user_func_array(Array, Array)\n#5 C:\\MAMP\\htdocs\\2026\\clinic\\public\\index.php(352): App\\Router->dispatch('/admin/patients...', 'GET')\n#6 {main}"}
[2026-08-13 17:57:30] [ERROR] Failed to write activity log to database: Non-static method App\Helpers\Database::execute() cannot be called statically {"action":"Patient Registration","details":"Registered patient: Joel Johnston (ID: 8)","user_id":55}
[2026-08-13 17:57:40] [ERROR] Failed to write activity log to database: Non-static method App\Helpers\Database::execute() cannot be called statically {"action":"Patient Record Update","details":"Updated patient profile: Joel Johnston (ID: 8)","user_id":55}
[2026-08-13 17:58:21] [ERROR] Failed to write activity log to database: Non-static method App\Helpers\Database::execute() cannot be called statically {"action":"User Logout","details":"User reception_kolkata logged out.","user_id":55}
[2026-08-13 17:58:28] [ERROR] Failed to write activity log to database: Non-static method App\Helpers\Database::execute() cannot be called statically {"action":"User Login","details":"User branch.kolkata@clinic.com logged in from IP: ::1","user_id":53}
[2026-08-13 17:59:05] [ERROR] Failed to write activity log to database: Non-static method App\Helpers\Database::execute() cannot be called statically {"action":"User Logout","details":"User branch_kolkata logged out.","user_id":53}
[2026-08-13 17:59:11] [ERROR] Failed to write activity log to database: Non-static method App\Helpers\Database::execute() cannot be called statically {"action":"User Login","details":"User admin logged in from IP: ::1","user_id":52}
[2026-08-13 18:47:39] [ERROR] Failed to write activity log to database: Non-static method App\Helpers\Database::execute() cannot be called statically {"action":"Session Timeout","details":"User admin was logged out due to inactivity.","user_id":52}
[2026-08-13 18:48:01] [ERROR] Failed to write activity log to database: Non-static method App\Helpers\Database::execute() cannot be called statically {"action":"User Login","details":"User branch.kolkata@clinic.com logged in from IP: ::1","user_id":53}
[2026-08-13 18:48:46] [ERROR] Unhandled Exception: Non-static method App\Helpers\Database::beginTransaction() cannot be called statically {"file":"C:\\MAMP\\htdocs\\2026\\clinic\\app\\Models\\Employee.php","line":156,"trace":"#0 C:\\MAMP\\htdocs\\2026\\clinic\\app\\Controllers\\EmployeeController.php(210): App\\Models\\Employee::update(5, Array)\n#1 [internal function]: App\\Controllers\\EmployeeController->update(Array)\n#2 C:\\MAMP\\htdocs\\2026\\clinic\\app\\Router.php(80): call_user_func_array(Array, Array)\n#3 C:\\MAMP\\htdocs\\2026\\clinic\\public\\index.php(352): App\\Router->dispatch('/admin/employee...', 'POST')\n#4 {main}"}
[2026-08-13 18:49:59] [ERROR] Unhandled Exception: Non-static method App\Helpers\Database::beginTransaction() cannot be called statically {"file":"C:\\MAMP\\htdocs\\2026\\clinic\\app\\Models\\Employee.php","line":222,"trace":"#0 C:\\MAMP\\htdocs\\2026\\clinic\\app\\Controllers\\EmployeeController.php(210): App\\Models\\Employee::update(5, Array)\n#1 [internal function]: App\\Controllers\\EmployeeController->update(Array)\n#2 C:\\MAMP\\htdocs\\2026\\clinic\\app\\Router.php(80): call_user_func_array(Array, Array)\n#3 C:\\MAMP\\htdocs\\2026\\clinic\\public\\index.php(352): App\\Router->dispatch('/admin/employee...', 'POST')\n#4 {main}"}
[2026-08-13 18:50:09] [ERROR] Unhandled Exception: Non-static method App\Helpers\Database::beginTransaction() cannot be called statically {"file":"C:\\MAMP\\htdocs\\2026\\clinic\\app\\Models\\Employee.php","line":222,"trace":"#0 C:\\MAMP\\htdocs\\2026\\clinic\\app\\Controllers\\EmployeeController.php(210): App\\Models\\Employee::update(5, Array)\n#1 [internal function]: App\\Controllers\\EmployeeController->update(Array)\n#2 C:\\MAMP\\htdocs\\2026\\clinic\\app\\Router.php(80): call_user_func_array(Array, Array)\n#3 C:\\MAMP\\htdocs\\2026\\clinic\\public\\index.php(352): App\\Router->dispatch('/admin/employee...', 'POST')\n#4 {main}"}
[2026-08-13 18:51:37] [ERROR] Failed to write activity log to database: Non-static method App\Helpers\Database::execute() cannot be called statically {"action":"Employee Update","details":"Updated employee details for user: mohit","user_id":53}
[2026-08-13 18:51:56] [ERROR] Failed to write activity log to database: Non-static method App\Helpers\Database::execute() cannot be called statically {"action":"Employee Update","details":"Updated employee details for user: shuvajit","user_id":53}
[2026-08-13 18:52:06] [ERROR] Failed to write activity log to database: Non-static method App\Helpers\Database::execute() cannot be called statically {"action":"Employee Update","details":"Updated employee details for user: kolkata admin","user_id":53}
[2026-08-13 18:52:20] [ERROR] Unhandled Exception: Non-static method App\Helpers\Database::beginTransaction() cannot be called statically {"file":"C:\\MAMP\\htdocs\\2026\\clinic\\app\\Models\\Salary.php","line":37,"trace":"#0 C:\\MAMP\\htdocs\\2026\\clinic\\app\\Controllers\\SalaryController.php(29): App\\Models\\Salary::generatePayroll('08-2026', 1)\n#1 [internal function]: App\\Controllers\\SalaryController->index(Array)\n#2 C:\\MAMP\\htdocs\\2026\\clinic\\app\\Router.php(80): call_user_func_array(Array, Array)\n#3 C:\\MAMP\\htdocs\\2026\\clinic\\public\\index.php(352): App\\Router->dispatch('/admin/salary', 'GET')\n#4 {main}"}
[2026-08-13 18:53:36] [ERROR] Unhandled Exception: syntax error, unexpected token "<", expecting "function" or "const" {"file":"C:\\MAMP\\htdocs\\2026\\clinic\\app\\Models\\Salary.php","line":31,"trace":"#0 C:\\MAMP\\htdocs\\2026\\clinic\\app\\Controllers\\SalaryController.php(29): {closure}('App\\\\Models\\\\Sala...')\n#1 [internal function]: App\\Controllers\\SalaryController->index(Array)\n#2 C:\\MAMP\\htdocs\\2026\\clinic\\app\\Router.php(80): call_user_func_array(Array, Array)\n#3 C:\\MAMP\\htdocs\\2026\\clinic\\public\\index.php(352): App\\Router->dispatch('/admin/salary', 'GET')\n#4 {main}"}
[2026-08-13 18:53:37] [ERROR] Unhandled Exception: syntax error, unexpected token "<", expecting "function" or "const" {"file":"C:\\MAMP\\htdocs\\2026\\clinic\\app\\Models\\Salary.php","line":31,"trace":"#0 C:\\MAMP\\htdocs\\2026\\clinic\\app\\Controllers\\SalaryController.php(29): {closure}('App\\\\Models\\\\Sala...')\n#1 [internal function]: App\\Controllers\\SalaryController->index(Array)\n#2 C:\\MAMP\\htdocs\\2026\\clinic\\app\\Router.php(80): call_user_func_array(Array, Array)\n#3 C:\\MAMP\\htdocs\\2026\\clinic\\public\\index.php(352): App\\Router->dispatch('/admin/salary', 'GET')\n#4 {main}"}
[2026-08-13 19:08:47] [ERROR] Unhandled Exception: str_pad(): Argument #1 ($string) must be of type string, int given {"file":"C:\\MAMP\\htdocs\\2026\\clinic\\app\\Controllers\\AttendanceController.php","line":617,"trace":"#0 C:\\MAMP\\htdocs\\2026\\clinic\\app\\Controllers\\AttendanceController.php(617): str_pad(6, 5, '0', 0)\n#1 [internal function]: App\\Controllers\\AttendanceController->generateIDCards(Array)\n#2 C:\\MAMP\\htdocs\\2026\\clinic\\app\\Router.php(80): call_user_func_array(Array, Array)\n#3 C:\\MAMP\\htdocs\\2026\\clinic\\public\\index.php(352): App\\Router->dispatch('/admin/employee...', 'POST')\n#4 {main}"}
[2026-08-13 19:08:50] [ERROR] Unhandled Exception: str_pad(): Argument #1 ($string) must be of type string, int given {"file":"C:\\MAMP\\htdocs\\2026\\clinic\\app\\Controllers\\AttendanceController.php","line":617,"trace":"#0 C:\\MAMP\\htdocs\\2026\\clinic\\app\\Controllers\\AttendanceController.php(617): str_pad(6, 5, '0', 0)\n#1 [internal function]: App\\Controllers\\AttendanceController->generateIDCards(Array)\n#2 C:\\MAMP\\htdocs\\2026\\clinic\\app\\Router.php(80): call_user_func_array(Array, Array)\n#3 C:\\MAMP\\htdocs\\2026\\clinic\\public\\index.php(352): App\\Router->dispatch('/admin/employee...', 'POST')\n#4 {main}"}
[2026-08-13 19:08:51] [ERROR] Unhandled Exception: str_pad(): Argument #1 ($string) must be of type string, int given {"file":"C:\\MAMP\\htdocs\\2026\\clinic\\app\\Controllers\\AttendanceController.php","line":617,"trace":"#0 C:\\MAMP\\htdocs\\2026\\clinic\\app\\Controllers\\AttendanceController.php(617): str_pad(6, 5, '0', 0)\n#1 [internal function]: App\\Controllers\\AttendanceController->generateIDCards(Array)\n#2 C:\\MAMP\\htdocs\\2026\\clinic\\app\\Router.php(80): call_user_func_array(Array, Array)\n#3 C:\\MAMP\\htdocs\\2026\\clinic\\public\\index.php(352): App\\Router->dispatch('/admin/employee...', 'POST')\n#4 {main}"}
[2026-08-13 19:08:52] [ERROR] Unhandled Exception: str_pad(): Argument #1 ($string) must be of type string, int given {"file":"C:\\MAMP\\htdocs\\2026\\clinic\\app\\Controllers\\AttendanceController.php","line":617,"trace":"#0 C:\\MAMP\\htdocs\\2026\\clinic\\app\\Controllers\\AttendanceController.php(617): str_pad(6, 5, '0', 0)\n#1 [internal function]: App\\Controllers\\AttendanceController->generateIDCards(Array)\n#2 C:\\MAMP\\htdocs\\2026\\clinic\\app\\Router.php(80): call_user_func_array(Array, Array)\n#3 C:\\MAMP\\htdocs\\2026\\clinic\\public\\index.php(352): App\\Router->dispatch('/admin/employee...', 'POST')\n#4 {main}"}
[2026-08-13 19:08:52] [ERROR] Unhandled Exception: str_pad(): Argument #1 ($string) must be of type string, int given {"file":"C:\\MAMP\\htdocs\\2026\\clinic\\app\\Controllers\\AttendanceController.php","line":617,"trace":"#0 C:\\MAMP\\htdocs\\2026\\clinic\\app\\Controllers\\AttendanceController.php(617): str_pad(6, 5, '0', 0)\n#1 [internal function]: App\\Controllers\\AttendanceController->generateIDCards(Array)\n#2 C:\\MAMP\\htdocs\\2026\\clinic\\app\\Router.php(80): call_user_func_array(Array, Array)\n#3 C:\\MAMP\\htdocs\\2026\\clinic\\public\\index.php(352): App\\Router->dispatch('/admin/employee...', 'POST')\n#4 {main}"}
[2026-08-13 19:08:55] [ERROR] Unhandled Exception: str_pad(): Argument #1 ($string) must be of type string, int given {"file":"C:\\MAMP\\htdocs\\2026\\clinic\\app\\Controllers\\AttendanceController.php","line":617,"trace":"#0 C:\\MAMP\\htdocs\\2026\\clinic\\app\\Controllers\\AttendanceController.php(617): str_pad(6, 5, '0', 0)\n#1 [internal function]: App\\Controllers\\AttendanceController->generateIDCards(Array)\n#2 C:\\MAMP\\htdocs\\2026\\clinic\\app\\Router.php(80): call_user_func_array(Array, Array)\n#3 C:\\MAMP\\htdocs\\2026\\clinic\\public\\index.php(352): App\\Router->dispatch('/admin/employee...', 'POST')\n#4 {main}"}
[2026-08-13 19:08:58] [ERROR] Unhandled Exception: str_pad(): Argument #1 ($string) must be of type string, int given {"file":"C:\\MAMP\\htdocs\\2026\\clinic\\app\\Controllers\\AttendanceController.php","line":617,"trace":"#0 C:\\MAMP\\htdocs\\2026\\clinic\\app\\Controllers\\AttendanceController.php(617): str_pad(6, 5, '0', 0)\n#1 [internal function]: App\\Controllers\\AttendanceController->generateIDCards(Array)\n#2 C:\\MAMP\\htdocs\\2026\\clinic\\app\\Router.php(80): call_user_func_array(Array, Array)\n#3 C:\\MAMP\\htdocs\\2026\\clinic\\public\\index.php(352): App\\Router->dispatch('/admin/employee...', 'POST')\n#4 {main}"}
[2026-08-13 19:08:59] [ERROR] Unhandled Exception: str_pad(): Argument #1 ($string) must be of type string, int given {"file":"C:\\MAMP\\htdocs\\2026\\clinic\\app\\Controllers\\AttendanceController.php","line":617,"trace":"#0 C:\\MAMP\\htdocs\\2026\\clinic\\app\\Controllers\\AttendanceController.php(617): str_pad(6, 5, '0', 0)\n#1 [internal function]: App\\Controllers\\AttendanceController->generateIDCards(Array)\n#2 C:\\MAMP\\htdocs\\2026\\clinic\\app\\Router.php(80): call_user_func_array(Array, Array)\n#3 C:\\MAMP\\htdocs\\2026\\clinic\\public\\index.php(352): App\\Router->dispatch('/admin/employee...', 'POST')\n#4 {main}"}
[2026-08-13 19:08:59] [ERROR] Unhandled Exception: str_pad(): Argument #1 ($string) must be of type string, int given {"file":"C:\\MAMP\\htdocs\\2026\\clinic\\app\\Controllers\\AttendanceController.php","line":617,"trace":"#0 C:\\MAMP\\htdocs\\2026\\clinic\\app\\Controllers\\AttendanceController.php(617): str_pad(6, 5, '0', 0)\n#1 [internal function]: App\\Controllers\\AttendanceController->generateIDCards(Array)\n#2 C:\\MAMP\\htdocs\\2026\\clinic\\app\\Router.php(80): call_user_func_array(Array, Array)\n#3 C:\\MAMP\\htdocs\\2026\\clinic\\public\\index.php(352): App\\Router->dispatch('/admin/employee...', 'POST')\n#4 {main}"}
[2026-08-13 19:08:59] [ERROR] Unhandled Exception: str_pad(): Argument #1 ($string) must be of type string, int given {"file":"C:\\MAMP\\htdocs\\2026\\clinic\\app\\Controllers\\AttendanceController.php","line":617,"trace":"#0 C:\\MAMP\\htdocs\\2026\\clinic\\app\\Controllers\\AttendanceController.php(617): str_pad(6, 5, '0', 0)\n#1 [internal function]: App\\Controllers\\AttendanceController->generateIDCards(Array)\n#2 C:\\MAMP\\htdocs\\2026\\clinic\\app\\Router.php(80): call_user_func_array(Array, Array)\n#3 C:\\MAMP\\htdocs\\2026\\clinic\\public\\index.php(352): App\\Router->dispatch('/admin/employee...', 'POST')\n#4 {main}"}
[2026-08-13 19:09:00] [ERROR] Unhandled Exception: str_pad(): Argument #1 ($string) must be of type string, int given {"file":"C:\\MAMP\\htdocs\\2026\\clinic\\app\\Controllers\\AttendanceController.php","line":617,"trace":"#0 C:\\MAMP\\htdocs\\2026\\clinic\\app\\Controllers\\AttendanceController.php(617): str_pad(6, 5, '0', 0)\n#1 [internal function]: App\\Controllers\\AttendanceController->generateIDCards(Array)\n#2 C:\\MAMP\\htdocs\\2026\\clinic\\app\\Router.php(80): call_user_func_array(Array, Array)\n#3 C:\\MAMP\\htdocs\\2026\\clinic\\public\\index.php(352): App\\Router->dispatch('/admin/employee...', 'POST')\n#4 {main}"}
[2026-08-13 19:10:24] [ERROR] Unhandled Exception: str_pad(): Argument #1 ($string) must be of type string, int given {"file":"C:\\MAMP\\htdocs\\2026\\clinic\\app\\Controllers\\AttendanceController.php","line":627,"trace":"#0 C:\\MAMP\\htdocs\\2026\\clinic\\app\\Controllers\\AttendanceController.php(627): str_pad(6, 5, '0', 0)\n#1 [internal function]: App\\Controllers\\AttendanceController->generateIDCards(Array)\n#2 C:\\MAMP\\htdocs\\2026\\clinic\\app\\Router.php(80): call_user_func_array(Array, Array)\n#3 C:\\MAMP\\htdocs\\2026\\clinic\\public\\index.php(352): App\\Router->dispatch('/admin/employee...', 'POST')\n#4 {main}"}
[2026-08-13 19:10:26] [ERROR] Unhandled Exception: str_pad(): Argument #1 ($string) must be of type string, int given {"file":"C:\\MAMP\\htdocs\\2026\\clinic\\app\\Controllers\\AttendanceController.php","line":627,"trace":"#0 C:\\MAMP\\htdocs\\2026\\clinic\\app\\Controllers\\AttendanceController.php(627): str_pad(6, 5, '0', 0)\n#1 [internal function]: App\\Controllers\\AttendanceController->generateIDCards(Array)\n#2 C:\\MAMP\\htdocs\\2026\\clinic\\app\\Router.php(80): call_user_func_array(Array, Array)\n#3 C:\\MAMP\\htdocs\\2026\\clinic\\public\\index.php(352): App\\Router->dispatch('/admin/employee...', 'POST')\n#4 {main}"}
[2026-08-13 19:10:34] [ERROR] Unhandled Exception: str_pad(): Argument #1 ($string) must be of type string, int given {"file":"C:\\MAMP\\htdocs\\2026\\clinic\\app\\Controllers\\AttendanceController.php","line":627,"trace":"#0 C:\\MAMP\\htdocs\\2026\\clinic\\app\\Controllers\\AttendanceController.php(627): str_pad(5, 5, '0', 0)\n#1 [internal function]: App\\Controllers\\AttendanceController->generateIDCards(Array)\n#2 C:\\MAMP\\htdocs\\2026\\clinic\\app\\Router.php(80): call_user_func_array(Array, Array)\n#3 C:\\MAMP\\htdocs\\2026\\clinic\\public\\index.php(352): App\\Router->dispatch('/admin/employee...', 'POST')\n#4 {main}"}
[2026-08-13 19:12:31] [ERROR] Unhandled Exception: str_pad(): Argument #1 ($string) must be of type string, int given {"file":"C:\\MAMP\\htdocs\\2026\\clinic\\app\\Controllers\\AttendanceController.php","line":627,"trace":"#0 C:\\MAMP\\htdocs\\2026\\clinic\\app\\Controllers\\AttendanceController.php(627): str_pad(6, 5, '0', 0)\n#1 [internal function]: App\\Controllers\\AttendanceController->generateIDCards(Array)\n#2 C:\\MAMP\\htdocs\\2026\\clinic\\app\\Router.php(80): call_user_func_array(Array, Array)\n#3 C:\\MAMP\\htdocs\\2026\\clinic\\public\\index.php(352): App\\Router->dispatch('/admin/employee...', 'POST')\n#4 {main}"}
[2026-08-13 19:15:45] [ERROR] Unhandled Exception: str_pad(): Argument #1 ($string) must be of type string, int given {"file":"C:\\MAMP\\htdocs\\2026\\clinic\\app\\Controllers\\AttendanceController.php","line":637,"trace":"#0 C:\\MAMP\\htdocs\\2026\\clinic\\app\\Controllers\\AttendanceController.php(637): str_pad(6, 5, '0', 0)\n#1 [internal function]: App\\Controllers\\AttendanceController->generateIDCards(Array)\n#2 C:\\MAMP\\htdocs\\2026\\clinic\\app\\Router.php(80): call_user_func_array(Array, Array)\n#3 C:\\MAMP\\htdocs\\2026\\clinic\\public\\index.php(352): App\\Router->dispatch('/admin/employee...', 'POST')\n#4 {main}"}
[2026-08-13 19:19:00] [ERROR] Unhandled Exception: str_pad(): Argument #1 ($string) must be of type string, int given {"file":"C:\\MAMP\\htdocs\\2026\\clinic\\app\\Controllers\\AttendanceController.php","line":588,"trace":"#0 C:\\MAMP\\htdocs\\2026\\clinic\\app\\Controllers\\AttendanceController.php(588): str_pad(6, 5, '0', 0)\n#1 [internal function]: App\\Controllers\\AttendanceController->generateIDCards(Array)\n#2 C:\\MAMP\\htdocs\\2026\\clinic\\app\\Router.php(80): call_user_func_array(Array, Array)\n#3 C:\\MAMP\\htdocs\\2026\\clinic\\public\\index.php(352): App\\Router->dispatch('/admin/employee...', 'POST')\n#4 {main}"}
[2026-08-13 19:23:23] [ERROR] Unhandled Exception: str_pad(): Argument #1 ($string) must be of type string, int given {"file":"C:\\MAMP\\htdocs\\2026\\clinic\\app\\Controllers\\AttendanceController.php","line":598,"trace":"#0 C:\\MAMP\\htdocs\\2026\\clinic\\app\\Controllers\\AttendanceController.php(598): str_pad(6, 5, '0', 0)\n#1 [internal function]: App\\Controllers\\AttendanceController->generateIDCards(Array)\n#2 C:\\MAMP\\htdocs\\2026\\clinic\\app\\Router.php(80): call_user_func_array(Array, Array)\n#3 C:\\MAMP\\htdocs\\2026\\clinic\\public\\index.php(352): App\\Router->dispatch('/admin/employee...', 'POST')\n#4 {main}"}
[2026-08-13 19:23:33] [ERROR] Unhandled Exception: str_pad(): Argument #1 ($string) must be of type string, int given {"file":"C:\\MAMP\\htdocs\\2026\\clinic\\app\\Controllers\\AttendanceController.php","line":598,"trace":"#0 C:\\MAMP\\htdocs\\2026\\clinic\\app\\Controllers\\AttendanceController.php(598): str_pad(6, 5, '0', 0)\n#1 [internal function]: App\\Controllers\\AttendanceController->generateIDCards(Array)\n#2 C:\\MAMP\\htdocs\\2026\\clinic\\app\\Router.php(80): call_user_func_array(Array, Array)\n#3 C:\\MAMP\\htdocs\\2026\\clinic\\public\\index.php(352): App\\Router->dispatch('/admin/employee...', 'POST')\n#4 {main}"}
[2026-08-13 19:25:09] [ERROR] Failed to write activity log to database: Non-static method App\Helpers\Database::execute() cannot be called statically {"action":"User Logout","details":"User branch_kolkata logged out.","user_id":53}
[2026-08-13 19:25:18] [ERROR] Failed to write activity log to database: Non-static method App\Helpers\Database::execute() cannot be called statically {"action":"User Login","details":"User admin logged in from IP: ::1","user_id":52}
[2026-08-13 19:25:30] [ERROR] Unhandled Exception: str_pad(): Argument #1 ($string) must be of type string, int given {"file":"C:\\MAMP\\htdocs\\2026\\clinic\\app\\Controllers\\AttendanceController.php","line":598,"trace":"#0 C:\\MAMP\\htdocs\\2026\\clinic\\app\\Controllers\\AttendanceController.php(598): str_pad(6, 5, '0', 0)\n#1 [internal function]: App\\Controllers\\AttendanceController->generateIDCards(Array)\n#2 C:\\MAMP\\htdocs\\2026\\clinic\\app\\Router.php(80): call_user_func_array(Array, Array)\n#3 C:\\MAMP\\htdocs\\2026\\clinic\\public\\index.php(352): App\\Router->dispatch('/admin/employee...', 'POST')\n#4 {main}"}
[2026-08-13 19:27:32] [ERROR] Unhandled Exception: Non-static method App\Helpers\Database::beginTransaction() cannot be called statically {"file":"C:\\MAMP\\htdocs\\2026\\clinic\\app\\Models\\Employee.php","line":106,"trace":"#0 C:\\MAMP\\htdocs\\2026\\clinic\\app\\Controllers\\EmployeeController.php(144): App\\Models\\Employee::create(Array)\n#1 [internal function]: App\\Controllers\\EmployeeController->store(Array)\n#2 C:\\MAMP\\htdocs\\2026\\clinic\\app\\Router.php(80): call_user_func_array(Array, Array)\n#3 C:\\MAMP\\htdocs\\2026\\clinic\\public\\index.php(352): App\\Router->dispatch('/admin/employee...', 'POST')\n#4 {main}"}
[2026-08-13 19:28:27] [ERROR] Failed to write activity log to database: Non-static method App\Helpers\Database::execute() cannot be called statically {"action":"Employee Enrollment","details":"Enrolled employee user account: ripon","user_id":52}
[2026-08-13 19:28:44] [ERROR] Failed to write activity log to database: Non-static method App\Helpers\Database::execute() cannot be called statically {"action":"User Logout","details":"User admin logged out.","user_id":52}
[2026-08-13 19:28:54] [ERROR] Failed to write activity log to database: Non-static method App\Helpers\Database::execute() cannot be called statically {"action":"User Login","details":"User shuvajit logged in from IP: ::1","user_id":55}
[2026-08-13 19:30:50] [ERROR] Failed to write activity log to database: Non-static method App\Helpers\Database::execute() cannot be called statically {"action":"User Logout","details":"User shuvajit logged out.","user_id":55}
[2026-08-13 19:31:02] [ERROR] Failed to write activity log to database: Non-static method App\Helpers\Database::execute() cannot be called statically {"action":"User Login","details":"User branch.kolkata@clinic.com logged in from IP: ::1","user_id":53}
[2026-08-13 19:32:34] [ERROR] Failed to write activity log to database: Non-static method App\Helpers\Database::execute() cannot be called statically {"action":"User Logout","details":"User kolkata admin logged out.","user_id":53}
[2026-08-13 19:32:43] [ERROR] Failed to write activity log to database: Non-static method App\Helpers\Database::execute() cannot be called statically {"action":"User Login","details":"User admin logged in from IP: ::1","user_id":52}
[2026-08-13 19:33:32] [ERROR] Failed to write activity log to database: Non-static method App\Helpers\Database::execute() cannot be called statically {"action":"Employee Update","details":"Updated employee details for user: kolkata admin","user_id":52}
[2026-08-13 19:33:49] [ERROR] Failed to write activity log to database: Non-static method App\Helpers\Database::execute() cannot be called statically {"action":"Employee Update","details":"Updated employee details for user: kolkata admin","user_id":52}
[2026-08-13 19:33:59] [ERROR] Failed to write activity log to database: Non-static method App\Helpers\Database::execute() cannot be called statically {"action":"Employee Update","details":"Updated employee details for user: mohit","user_id":52}
[2026-08-13 19:34:08] [ERROR] Failed to write activity log to database: Non-static method App\Helpers\Database::execute() cannot be called statically {"action":"Employee Update","details":"Updated employee details for user: ripon","user_id":52}
[2026-08-13 19:34:16] [ERROR] Failed to write activity log to database: Non-static method App\Helpers\Database::execute() cannot be called statically {"action":"Employee Update","details":"Updated employee details for user: shuvajit","user_id":52}
[2026-08-13 19:34:42] [ERROR] Unhandled Exception: Non-static method App\Helpers\Database::execute() cannot be called statically {"file":"C:\\MAMP\\htdocs\\2026\\clinic\\app\\Models\\Attendance.php","line":82,"trace":"#0 C:\\MAMP\\htdocs\\2026\\clinic\\app\\Controllers\\AttendanceController.php(322): App\\Models\\Attendance::logAttendance(Array)\n#1 [internal function]: App\\Controllers\\AttendanceController->markAttendance(Array)\n#2 C:\\MAMP\\htdocs\\2026\\clinic\\app\\Router.php(80): call_user_func_array(Array, Array)\n#3 C:\\MAMP\\htdocs\\2026\\clinic\\public\\index.php(352): App\\Router->dispatch('/admin/attendan...', 'POST')\n#4 {main}"}
[2026-08-13 19:35:02] [ERROR] Unhandled Exception: Non-static method App\Helpers\Database::execute() cannot be called statically {"file":"C:\\MAMP\\htdocs\\2026\\clinic\\app\\Models\\Attendance.php","line":82,"trace":"#0 C:\\MAMP\\htdocs\\2026\\clinic\\app\\Controllers\\AttendanceController.php(322): App\\Models\\Attendance::logAttendance(Array)\n#1 [internal function]: App\\Controllers\\AttendanceController->markAttendance(Array)\n#2 C:\\MAMP\\htdocs\\2026\\clinic\\app\\Router.php(80): call_user_func_array(Array, Array)\n#3 C:\\MAMP\\htdocs\\2026\\clinic\\public\\index.php(352): App\\Router->dispatch('/admin/attendan...', 'POST')\n#4 {main}"}
[2026-08-13 19:37:03] [ERROR] Unhandled Exception: str_pad(): Argument #1 ($string) must be of type string, int given {"file":"C:\\MAMP\\htdocs\\2026\\clinic\\app\\Controllers\\AttendanceController.php","line":630,"trace":"#0 C:\\MAMP\\htdocs\\2026\\clinic\\app\\Controllers\\AttendanceController.php(630): str_pad(7, 5, '0', 0)\n#1 [internal function]: App\\Controllers\\AttendanceController->generateIDCards(Array)\n#2 C:\\MAMP\\htdocs\\2026\\clinic\\app\\Router.php(80): call_user_func_array(Array, Array)\n#3 C:\\MAMP\\htdocs\\2026\\clinic\\public\\index.php(352): App\\Router->dispatch('/admin/employee...', 'POST')\n#4 {main}"}
[2026-08-13 19:37:37] [ERROR] Unhandled Exception: str_pad(): Argument #1 ($string) must be of type string, int given {"file":"C:\\MAMP\\htdocs\\2026\\clinic\\app\\Controllers\\AttendanceController.php","line":231,"trace":"#0 C:\\MAMP\\htdocs\\2026\\clinic\\app\\Controllers\\AttendanceController.php(231): str_pad(7, 5, '0', 0)\n#1 [internal function]: App\\Controllers\\AttendanceController->fetchEmployee(Array)\n#2 C:\\MAMP\\htdocs\\2026\\clinic\\app\\Router.php(80): call_user_func_array(Array, Array)\n#3 C:\\MAMP\\htdocs\\2026\\clinic\\public\\index.php(352): App\\Router->dispatch('/admin/attendan...', 'GET')\n#4 {main}"}
[2026-08-13 19:41:51] [ERROR] Unhandled Exception: str_pad(): Argument #1 ($string) must be of type string, int given {"file":"C:\\MAMP\\htdocs\\2026\\clinic\\app\\Controllers\\AttendanceController.php","line":632,"trace":"#0 C:\\MAMP\\htdocs\\2026\\clinic\\app\\Controllers\\AttendanceController.php(632): str_pad(7, 5, '0', 0)\n#1 [internal function]: App\\Controllers\\AttendanceController->generateIDCards(Array)\n#2 C:\\MAMP\\htdocs\\2026\\clinic\\app\\Router.php(80): call_user_func_array(Array, Array)\n#3 C:\\MAMP\\htdocs\\2026\\clinic\\public\\index.php(352): App\\Router->dispatch('/admin/employee...', 'POST')\n#4 {main}"}
[2026-08-13 19:44:13] [ERROR] Failed to write activity log to database: Non-static method App\Helpers\Database::execute() cannot be called statically {"action":"User Logout","details":"User admin logged out.","user_id":52}
[2026-08-13 19:44:22] [ERROR] Failed to write activity log to database: Non-static method App\Helpers\Database::execute() cannot be called statically {"action":"User Login","details":"User branch.kolkata@clinic.com logged in from IP: ::1","user_id":53}
[2026-08-13 19:47:32] [ERROR] Unhandled Exception: str_pad(): Argument #1 ($string) must be of type string, int given {"file":"C:\\MAMP\\htdocs\\2026\\clinic\\app\\Controllers\\AttendanceController.php","line":632,"trace":"#0 C:\\MAMP\\htdocs\\2026\\clinic\\app\\Controllers\\AttendanceController.php(632): str_pad(6, 5, '0', 0)\n#1 [internal function]: App\\Controllers\\AttendanceController->generateIDCards(Array)\n#2 C:\\MAMP\\htdocs\\2026\\clinic\\app\\Router.php(80): call_user_func_array(Array, Array)\n#3 C:\\MAMP\\htdocs\\2026\\clinic\\public\\index.php(352): App\\Router->dispatch('/admin/employee...', 'POST')\n#4 {main}"}
[2026-08-13 19:48:23] [ERROR] Unhandled Exception: SQLSTATE[42S22]: Column not found: 1054 Unknown column 'e.status' in 'where clause' {"file":"C:\\MAMP\\htdocs\\2026\\clinic\\app\\Helpers\\Database.php","line":106,"trace":"#0 C:\\MAMP\\htdocs\\2026\\clinic\\app\\Helpers\\Database.php(106): PDO->prepare('\\n        SELECT...')\n#1 C:\\MAMP\\htdocs\\2026\\clinic\\app\\Helpers\\Database.php(187): App\\Helpers\\Database->getAll('\\n        SELECT...', Array)\n#2 C:\\MAMP\\htdocs\\2026\\clinic\\app\\Models\\Employee.php(123): App\\Helpers\\Database::all('\\n        SELECT...', Array)\n#3 C:\\MAMP\\htdocs\\2026\\clinic\\app\\Controllers\\AttendanceController.php(618): App\\Models\\Employee::getByIds(Array)\n#4 [internal function]: App\\Controllers\\AttendanceController->generateIDCards(Array)\n#5 C:\\MAMP\\htdocs\\2026\\clinic\\app\\Router.php(80): call_user_func_array(Array, Array)\n#6 C:\\MAMP\\htdocs\\2026\\clinic\\public\\index.php(352): App\\Router->dispatch('/admin/employee...', 'POST')\n#7 {main}"}
[2026-08-13 19:49:57] [ERROR] Unhandled Exception: SQLSTATE[42S22]: Column not found: 1054 Unknown column 'e.status' in 'where clause' {"file":"C:\\MAMP\\htdocs\\2026\\clinic\\app\\Helpers\\Database.php","line":106,"trace":"#0 C:\\MAMP\\htdocs\\2026\\clinic\\app\\Helpers\\Database.php(106): PDO->prepare('\\n              ...')\n#1 C:\\MAMP\\htdocs\\2026\\clinic\\app\\Helpers\\Database.php(187): App\\Helpers\\Database->getAll('\\n              ...', Array)\n#2 C:\\MAMP\\htdocs\\2026\\clinic\\app\\Controllers\\AttendanceController.php(678): App\\Helpers\\Database::all('\\n              ...', Array)\n#3 [internal function]: App\\Controllers\\AttendanceController->generateIDCards(Array)\n#4 C:\\MAMP\\htdocs\\2026\\clinic\\app\\Router.php(80): call_user_func_array(Array, Array)\n#5 C:\\MAMP\\htdocs\\2026\\clinic\\public\\index.php(352): App\\Router->dispatch('/admin/employee...', 'POST')\n#6 {main}"}
[2026-08-13 19:50:02] [ERROR] Unhandled Exception: SQLSTATE[42S22]: Column not found: 1054 Unknown column 'e.status' in 'where clause' {"file":"C:\\MAMP\\htdocs\\2026\\clinic\\app\\Helpers\\Database.php","line":106,"trace":"#0 C:\\MAMP\\htdocs\\2026\\clinic\\app\\Helpers\\Database.php(106): PDO->prepare('\\n              ...')\n#1 C:\\MAMP\\htdocs\\2026\\clinic\\app\\Helpers\\Database.php(187): App\\Helpers\\Database->getAll('\\n              ...', Array)\n#2 C:\\MAMP\\htdocs\\2026\\clinic\\app\\Controllers\\AttendanceController.php(678): App\\Helpers\\Database::all('\\n              ...', Array)\n#3 [internal function]: App\\Controllers\\AttendanceController->generateIDCards(Array)\n#4 C:\\MAMP\\htdocs\\2026\\clinic\\app\\Router.php(80): call_user_func_array(Array, Array)\n#5 C:\\MAMP\\htdocs\\2026\\clinic\\public\\index.php(352): App\\Router->dispatch('/admin/employee...', 'POST')\n#6 {main}"}
[2026-08-13 19:50:54] [ERROR] Unhandled Exception: SQLSTATE[42S22]: Column not found: 1054 Unknown column 'e.status' in 'where clause' {"file":"C:\\MAMP\\htdocs\\2026\\clinic\\app\\Helpers\\Database.php","line":106,"trace":"#0 C:\\MAMP\\htdocs\\2026\\clinic\\app\\Helpers\\Database.php(106): PDO->prepare('\\n              ...')\n#1 C:\\MAMP\\htdocs\\2026\\clinic\\app\\Helpers\\Database.php(187): App\\Helpers\\Database->getAll('\\n              ...', Array)\n#2 C:\\MAMP\\htdocs\\2026\\clinic\\app\\Controllers\\AttendanceController.php(678): App\\Helpers\\Database::all('\\n              ...', Array)\n#3 [internal function]: App\\Controllers\\AttendanceController->generateIDCards(Array)\n#4 C:\\MAMP\\htdocs\\2026\\clinic\\app\\Router.php(80): call_user_func_array(Array, Array)\n#5 C:\\MAMP\\htdocs\\2026\\clinic\\public\\index.php(349): App\\Router->dispatch('/admin/employee...', 'POST')\n#6 {main}"}
[2026-08-13 19:52:32] [ERROR] Unhandled Exception: Routing failure: Action method 'generateIDCards' does not exist in 'App\Controllers\AttendanceController'. {"file":"C:\\MAMP\\htdocs\\2026\\clinic\\app\\Router.php","line":76,"trace":"#0 C:\\MAMP\\htdocs\\2026\\clinic\\public\\index.php(357): App\\Router->dispatch('/admin/employee...', 'POST')\n#1 {main}"}
[2026-08-13 19:52:53] [ERROR] Unhandled Exception: Routing failure: Action method 'generateIDCards' does not exist in 'App\Controllers\AttendanceController'. {"file":"C:\\MAMP\\htdocs\\2026\\clinic\\app\\Router.php","line":76,"trace":"#0 C:\\MAMP\\htdocs\\2026\\clinic\\public\\index.php(357): App\\Router->dispatch('/admin/employee...', 'POST')\n#1 {main}"}
[2026-08-13 19:53:07] [ERROR] Unhandled Exception: Routing failure: Action method 'generateIDCards' does not exist in 'App\Controllers\AttendanceController'. {"file":"C:\\MAMP\\htdocs\\2026\\clinic\\app\\Router.php","line":76,"trace":"#0 C:\\MAMP\\htdocs\\2026\\clinic\\public\\index.php(357): App\\Router->dispatch('/admin/employee...', 'POST')\n#1 {main}"}
[2026-08-13 19:53:19] [ERROR] Unhandled Exception: Routing failure: Action method 'generateIDCards' does not exist in 'App\Controllers\AttendanceController'. {"file":"C:\\MAMP\\htdocs\\2026\\clinic\\app\\Router.php","line":76,"trace":"#0 C:\\MAMP\\htdocs\\2026\\clinic\\public\\index.php(357): App\\Router->dispatch('/admin/employee...', 'POST')\n#1 {main}"}
[2026-08-13 19:53:27] [ERROR] Unhandled Exception: Routing failure: Action method 'generateIDCards' does not exist in 'App\Controllers\AttendanceController'. {"file":"C:\\MAMP\\htdocs\\2026\\clinic\\app\\Router.php","line":76,"trace":"#0 C:\\MAMP\\htdocs\\2026\\clinic\\public\\index.php(357): App\\Router->dispatch('/admin/employee...', 'POST')\n#1 {main}"}
[2026-08-13 19:53:28] [ERROR] Unhandled Exception: Routing failure: Action method 'generateIDCards' does not exist in 'App\Controllers\AttendanceController'. {"file":"C:\\MAMP\\htdocs\\2026\\clinic\\app\\Router.php","line":76,"trace":"#0 C:\\MAMP\\htdocs\\2026\\clinic\\public\\index.php(357): App\\Router->dispatch('/admin/employee...', 'POST')\n#1 {main}"}
[2026-08-13 19:53:29] [ERROR] Unhandled Exception: Routing failure: Action method 'generateIDCards' does not exist in 'App\Controllers\AttendanceController'. {"file":"C:\\MAMP\\htdocs\\2026\\clinic\\app\\Router.php","line":76,"trace":"#0 C:\\MAMP\\htdocs\\2026\\clinic\\public\\index.php(357): App\\Router->dispatch('/admin/employee...', 'POST')\n#1 {main}"}
[2026-08-13 19:53:29] [ERROR] Unhandled Exception: Routing failure: Action method 'generateIDCards' does not exist in 'App\Controllers\AttendanceController'. {"file":"C:\\MAMP\\htdocs\\2026\\clinic\\app\\Router.php","line":76,"trace":"#0 C:\\MAMP\\htdocs\\2026\\clinic\\public\\index.php(357): App\\Router->dispatch('/admin/employee...', 'POST')\n#1 {main}"}
[2026-08-13 19:53:40] [ERROR] Unhandled Exception: Routing failure: Action method 'generateIDCards' does not exist in 'App\Controllers\AttendanceController'. {"file":"C:\\MAMP\\htdocs\\2026\\clinic\\app\\Router.php","line":76,"trace":"#0 C:\\MAMP\\htdocs\\2026\\clinic\\public\\index.php(357): App\\Router->dispatch('/admin/employee...', 'POST')\n#1 {main}"}
[2026-08-13 19:53:40] [ERROR] Unhandled Exception: Routing failure: Action method 'generateIDCards' does not exist in 'App\Controllers\AttendanceController'. {"file":"C:\\MAMP\\htdocs\\2026\\clinic\\app\\Router.php","line":76,"trace":"#0 C:\\MAMP\\htdocs\\2026\\clinic\\public\\index.php(357): App\\Router->dispatch('/admin/employee...', 'POST')\n#1 {main}"}
[2026-08-13 19:53:41] [ERROR] Unhandled Exception: Routing failure: Action method 'generateIDCards' does not exist in 'App\Controllers\AttendanceController'. {"file":"C:\\MAMP\\htdocs\\2026\\clinic\\app\\Router.php","line":76,"trace":"#0 C:\\MAMP\\htdocs\\2026\\clinic\\public\\index.php(357): App\\Router->dispatch('/admin/employee...', 'POST')\n#1 {main}"}
[2026-08-13 19:53:41] [ERROR] Unhandled Exception: Routing failure: Action method 'generateIDCards' does not exist in 'App\Controllers\AttendanceController'. {"file":"C:\\MAMP\\htdocs\\2026\\clinic\\app\\Router.php","line":76,"trace":"#0 C:\\MAMP\\htdocs\\2026\\clinic\\public\\index.php(357): App\\Router->dispatch('/admin/employee...', 'POST')\n#1 {main}"}
[2026-08-13 19:53:41] [ERROR] Unhandled Exception: Routing failure: Action method 'generateIDCards' does not exist in 'App\Controllers\AttendanceController'. {"file":"C:\\MAMP\\htdocs\\2026\\clinic\\app\\Router.php","line":76,"trace":"#0 C:\\MAMP\\htdocs\\2026\\clinic\\public\\index.php(357): App\\Router->dispatch('/admin/employee...', 'POST')\n#1 {main}"}
[2026-08-13 19:53:41] [ERROR] Unhandled Exception: Routing failure: Action method 'generateIDCards' does not exist in 'App\Controllers\AttendanceController'. {"file":"C:\\MAMP\\htdocs\\2026\\clinic\\app\\Router.php","line":76,"trace":"#0 C:\\MAMP\\htdocs\\2026\\clinic\\public\\index.php(357): App\\Router->dispatch('/admin/employee...', 'POST')\n#1 {main}"}
[2026-08-13 19:56:32] [ERROR] Unhandled Exception: SQLSTATE[42S22]: Column not found: 1054 Unknown column 'e.status' in 'where clause' {"file":"C:\\MAMP\\htdocs\\2026\\clinic\\app\\Helpers\\Database.php","line":106,"trace":"#0 C:\\MAMP\\htdocs\\2026\\clinic\\app\\Helpers\\Database.php(106): PDO->prepare('\\n              ...')\n#1 C:\\MAMP\\htdocs\\2026\\clinic\\app\\Helpers\\Database.php(187): App\\Helpers\\Database->getAll('\\n              ...', Array)\n#2 C:\\MAMP\\htdocs\\2026\\clinic\\app\\Controllers\\AttendanceController.php(676): App\\Helpers\\Database::all('\\n              ...', Array)\n#3 [internal function]: App\\Controllers\\AttendanceController->generateIDCards(Array)\n#4 C:\\MAMP\\htdocs\\2026\\clinic\\app\\Router.php(80): call_user_func_array(Array, Array)\n#5 C:\\MAMP\\htdocs\\2026\\clinic\\public\\index.php(360): App\\Router->dispatch('/admin/employee...', 'POST')\n#6 {main}"}
[2026-08-13 19:58:29] [ERROR] Unhandled Exception: SQLSTATE[42S22]: Column not found: 1054 Unknown column 'e.status' in 'where clause' {"file":"C:\\MAMP\\htdocs\\2026\\clinic\\app\\Helpers\\Database.php","line":106,"trace":"#0 C:\\MAMP\\htdocs\\2026\\clinic\\app\\Helpers\\Database.php(106): PDO->prepare('\\n            SE...')\n#1 C:\\MAMP\\htdocs\\2026\\clinic\\app\\Helpers\\Database.php(187): App\\Helpers\\Database->getAll('\\n            SE...', Array)\n#2 C:\\MAMP\\htdocs\\2026\\clinic\\app\\Controllers\\AttendanceController.php(672): App\\Helpers\\Database::all('\\n            SE...', Array)\n#3 [internal function]: App\\Controllers\\AttendanceController->generateIDCards(Array)\n#4 C:\\MAMP\\htdocs\\2026\\clinic\\app\\Router.php(80): call_user_func_array(Array, Array)\n#5 C:\\MAMP\\htdocs\\2026\\clinic\\public\\index.php(360): App\\Router->dispatch('/admin/employee...', 'POST')\n#6 {main}"}
[2026-08-13 20:00:19] [ERROR] Unhandled Exception: str_pad(): Argument #1 ($string) must be of type string, int given {"file":"C:\\MAMP\\htdocs\\2026\\clinic\\app\\Controllers\\AttendanceController.php","line":686,"trace":"#0 C:\\MAMP\\htdocs\\2026\\clinic\\app\\Controllers\\AttendanceController.php(686): str_pad(4, 5, '0', 0)\n#1 [internal function]: App\\Controllers\\AttendanceController->generateIDCards(Array)\n#2 C:\\MAMP\\htdocs\\2026\\clinic\\app\\Router.php(80): call_user_func_array(Array, Array)\n#3 C:\\MAMP\\htdocs\\2026\\clinic\\public\\index.php(360): App\\Router->dispatch('/admin/employee...', 'POST')\n#4 {main}"}
[2026-08-13 20:00:56] [ERROR] Unhandled Exception: str_pad(): Argument #1 ($string) must be of type string, int given {"file":"C:\\MAMP\\htdocs\\2026\\clinic\\app\\Controllers\\AttendanceController.php","line":686,"trace":"#0 C:\\MAMP\\htdocs\\2026\\clinic\\app\\Controllers\\AttendanceController.php(686): str_pad(4, 5, '0', 0)\n#1 [internal function]: App\\Controllers\\AttendanceController->generateIDCards(Array)\n#2 C:\\MAMP\\htdocs\\2026\\clinic\\app\\Router.php(80): call_user_func_array(Array, Array)\n#3 C:\\MAMP\\htdocs\\2026\\clinic\\public\\index.php(365): App\\Router->dispatch('/admin/employee...', 'POST')\n#4 {main}"}
[2026-08-13 20:01:10] [ERROR] Unhandled Exception: str_pad(): Argument #1 ($string) must be of type string, int given {"file":"C:\\MAMP\\htdocs\\2026\\clinic\\app\\Controllers\\AttendanceController.php","line":686,"trace":"#0 C:\\MAMP\\htdocs\\2026\\clinic\\app\\Controllers\\AttendanceController.php(686): str_pad(4, 5, '0', 0)\n#1 [internal function]: App\\Controllers\\AttendanceController->generateIDCards(Array)\n#2 C:\\MAMP\\htdocs\\2026\\clinic\\app\\Router.php(80): call_user_func_array(Array, Array)\n#3 C:\\MAMP\\htdocs\\2026\\clinic\\public\\index.php(365): App\\Router->dispatch('/admin/employee...', 'POST')\n#4 {main}"}
[2026-08-13 20:06:18] [ERROR] Unhandled Exception: str_pad(): Argument #1 ($string) must be of type string, int given {"file":"C:\\MAMP\\htdocs\\2026\\clinic\\app\\Controllers\\AttendanceController.php","line":244,"trace":"#0 C:\\MAMP\\htdocs\\2026\\clinic\\app\\Controllers\\AttendanceController.php(244): str_pad(6, 5, '0', 0)\n#1 [internal function]: App\\Controllers\\AttendanceController->fetchEmployee(Array)\n#2 C:\\MAMP\\htdocs\\2026\\clinic\\app\\Router.php(80): call_user_func_array(Array, Array)\n#3 C:\\MAMP\\htdocs\\2026\\clinic\\public\\index.php(365): App\\Router->dispatch('/admin/attendan...', 'GET')\n#4 {main}"}
[2026-08-13 20:10:28] [ERROR] Unhandled Exception: Non-static method App\Helpers\Database::execute() cannot be called statically {"file":"C:\\MAMP\\htdocs\\2026\\clinic\\app\\Models\\Attendance.php","line":82,"trace":"#0 C:\\MAMP\\htdocs\\2026\\clinic\\app\\Controllers\\AttendanceController.php(384): App\\Models\\Attendance::logAttendance(Array)\n#1 [internal function]: App\\Controllers\\AttendanceController->markAttendance(Array)\n#2 C:\\MAMP\\htdocs\\2026\\clinic\\app\\Router.php(80): call_user_func_array(Array, Array)\n#3 C:\\MAMP\\htdocs\\2026\\clinic\\public\\index.php(360): App\\Router->dispatch('/admin/attendan...', 'POST')\n#4 {main}"}
[2026-08-13 20:12:28] [ERROR] Unhandled Exception: Non-static method App\Helpers\Database::execute() cannot be called statically {"file":"C:\\MAMP\\htdocs\\2026\\clinic\\app\\Models\\Attendance.php","line":82,"trace":"#0 C:\\MAMP\\htdocs\\2026\\clinic\\app\\Controllers\\AttendanceController.php(384): App\\Models\\Attendance::logAttendance(Array)\n#1 [internal function]: App\\Controllers\\AttendanceController->markAttendance(Array)\n#2 C:\\MAMP\\htdocs\\2026\\clinic\\app\\Router.php(80): call_user_func_array(Array, Array)\n#3 C:\\MAMP\\htdocs\\2026\\clinic\\public\\index.php(360): App\\Router->dispatch('/admin/attendan...', 'POST')\n#4 {main}"}
[2026-08-13 20:13:07] [ERROR] Unhandled Exception: Non-static method App\Helpers\Database::execute() cannot be called statically {"file":"C:\\MAMP\\htdocs\\2026\\clinic\\app\\Models\\Attendance.php","line":82,"trace":"#0 C:\\MAMP\\htdocs\\2026\\clinic\\app\\Controllers\\AttendanceController.php(384): App\\Models\\Attendance::logAttendance(Array)\n#1 [internal function]: App\\Controllers\\AttendanceController->markAttendance(Array)\n#2 C:\\MAMP\\htdocs\\2026\\clinic\\app\\Router.php(80): call_user_func_array(Array, Array)\n#3 C:\\MAMP\\htdocs\\2026\\clinic\\public\\index.php(360): App\\Router->dispatch('/admin/attendan...', 'POST')\n#4 {main}"}
[2026-08-13 20:15:47] [ERROR] Unhandled Exception: Non-static method App\Helpers\Database::execute() cannot be called statically {"file":"C:\\MAMP\\htdocs\\2026\\clinic\\app\\Models\\Attendance.php","line":82,"trace":"#0 C:\\MAMP\\htdocs\\2026\\clinic\\app\\Controllers\\AttendanceController.php(384): App\\Models\\Attendance::logAttendance(Array)\n#1 [internal function]: App\\Controllers\\AttendanceController->markAttendance(Array)\n#2 C:\\MAMP\\htdocs\\2026\\clinic\\app\\Router.php(80): call_user_func_array(Array, Array)\n#3 C:\\MAMP\\htdocs\\2026\\clinic\\public\\index.php(360): App\\Router->dispatch('/admin/attendan...', 'POST')\n#4 {main}"}
[2026-08-13 20:18:09] [ERROR] Unhandled Exception: Non-static method App\Helpers\Database::execute() cannot be called statically {"file":"C:\\MAMP\\htdocs\\2026\\clinic\\app\\Models\\Attendance.php","line":82,"trace":"#0 C:\\MAMP\\htdocs\\2026\\clinic\\app\\Controllers\\AttendanceController.php(384): App\\Models\\Attendance::logAttendance(Array)\n#1 [internal function]: App\\Controllers\\AttendanceController->markAttendance(Array)\n#2 C:\\MAMP\\htdocs\\2026\\clinic\\app\\Router.php(80): call_user_func_array(Array, Array)\n#3 C:\\MAMP\\htdocs\\2026\\clinic\\public\\index.php(360): App\\Router->dispatch('/admin/attendan...', 'POST')\n#4 {main}"}
[2026-08-13 20:19:42] [ERROR] Unhandled Exception: Non-static method App\Helpers\Database::execute() cannot be called statically {"file":"C:\\MAMP\\htdocs\\2026\\clinic\\app\\Models\\Attendance.php","line":82,"trace":"#0 C:\\MAMP\\htdocs\\2026\\clinic\\app\\Controllers\\AttendanceController.php(384): App\\Models\\Attendance::logAttendance(Array)\n#1 [internal function]: App\\Controllers\\AttendanceController->markAttendance(Array)\n#2 C:\\MAMP\\htdocs\\2026\\clinic\\app\\Router.php(80): call_user_func_array(Array, Array)\n#3 C:\\MAMP\\htdocs\\2026\\clinic\\public\\index.php(360): App\\Router->dispatch('/admin/attendan...', 'POST')\n#4 {main}"}
[2026-08-13 20:28:26] [ERROR] Unhandled Exception: Non-static method App\Helpers\Database::execute() cannot be called statically {"file":"C:\\MAMP\\htdocs\\2026\\clinic\\app\\Models\\Attendance.php","line":85,"trace":"#0 C:\\MAMP\\htdocs\\2026\\clinic\\app\\Controllers\\AttendanceController.php(386): App\\Models\\Attendance::logAttendance(Array)\n#1 [internal function]: App\\Controllers\\AttendanceController->markAttendance(Array)\n#2 C:\\MAMP\\htdocs\\2026\\clinic\\app\\Router.php(80): call_user_func_array(Array, Array)\n#3 C:\\MAMP\\htdocs\\2026\\clinic\\public\\index.php(360): App\\Router->dispatch('/admin/attendan...', 'POST')\n#4 {main}"}
[2026-08-13 20:28:37] [ERROR] Unhandled Exception: Non-static method App\Helpers\Database::execute() cannot be called statically {"file":"C:\\MAMP\\htdocs\\2026\\clinic\\app\\Models\\Attendance.php","line":85,"trace":"#0 C:\\MAMP\\htdocs\\2026\\clinic\\app\\Controllers\\AttendanceController.php(386): App\\Models\\Attendance::logAttendance(Array)\n#1 [internal function]: App\\Controllers\\AttendanceController->markAttendance(Array)\n#2 C:\\MAMP\\htdocs\\2026\\clinic\\app\\Router.php(80): call_user_func_array(Array, Array)\n#3 C:\\MAMP\\htdocs\\2026\\clinic\\public\\index.php(360): App\\Router->dispatch('/admin/attendan...', 'POST')\n#4 {main}"}
[2026-08-13 20:29:30] [ERROR] Unhandled Exception: Non-static method App\Helpers\Database::execute() cannot be called statically {"file":"C:\\MAMP\\htdocs\\2026\\clinic\\app\\Models\\Attendance.php","line":85,"trace":"#0 C:\\MAMP\\htdocs\\2026\\clinic\\app\\Controllers\\AttendanceController.php(386): App\\Models\\Attendance::logAttendance(Array)\n#1 [internal function]: App\\Controllers\\AttendanceController->markAttendance(Array)\n#2 C:\\MAMP\\htdocs\\2026\\clinic\\app\\Router.php(80): call_user_func_array(Array, Array)\n#3 C:\\MAMP\\htdocs\\2026\\clinic\\public\\index.php(384): App\\Router->dispatch('/admin/attendan...', 'POST')\n#4 {main}"}
[2026-08-13 20:31:23] [ERROR] Unhandled Exception: Non-static method App\Helpers\Database::execute() cannot be called statically {"file":"C:\\MAMP\\htdocs\\2026\\clinic\\app\\Models\\Attendance.php","line":85,"trace":"#0 C:\\MAMP\\htdocs\\2026\\clinic\\app\\Controllers\\AttendanceController.php(386): App\\Models\\Attendance::logAttendance(Array)\n#1 [internal function]: App\\Controllers\\AttendanceController->markAttendance(Array)\n#2 C:\\MAMP\\htdocs\\2026\\clinic\\app\\Router.php(80): call_user_func_array(Array, Array)\n#3 C:\\MAMP\\htdocs\\2026\\clinic\\public\\index.php(384): App\\Router->dispatch('/admin/attendan...', 'POST')\n#4 {main}"}
[2026-08-13 20:32:04] [ERROR] Unhandled Exception: Non-static method App\Helpers\Database::execute() cannot be called statically {"file":"C:\\MAMP\\htdocs\\2026\\clinic\\app\\Models\\Attendance.php","line":85,"trace":"#0 C:\\MAMP\\htdocs\\2026\\clinic\\app\\Controllers\\AttendanceController.php(386): App\\Models\\Attendance::logAttendance(Array)\n#1 [internal function]: App\\Controllers\\AttendanceController->markAttendance(Array)\n#2 C:\\MAMP\\htdocs\\2026\\clinic\\app\\Router.php(80): call_user_func_array(Array, Array)\n#3 C:\\MAMP\\htdocs\\2026\\clinic\\public\\index.php(384): App\\Router->dispatch('/admin/attendan...', 'POST')\n#4 {main}"}
[2026-08-13 20:34:32] [ERROR] Unhandled Exception: Non-static method App\Helpers\Database::execute() cannot be called statically {"file":"C:\\MAMP\\htdocs\\2026\\clinic\\app\\Models\\Attendance.php","line":85,"trace":"#0 C:\\MAMP\\htdocs\\2026\\clinic\\app\\Controllers\\AttendanceController.php(363): App\\Models\\Attendance::logAttendance(Array)\n#1 [internal function]: App\\Controllers\\AttendanceController->markAttendance(Array)\n#2 C:\\MAMP\\htdocs\\2026\\clinic\\app\\Router.php(80): call_user_func_array(Array, Array)\n#3 C:\\MAMP\\htdocs\\2026\\clinic\\public\\index.php(384): App\\Router->dispatch('/admin/attendan...', 'POST')\n#4 {main}"}
[2026-08-13 20:34:43] [ERROR] Unhandled Exception: Non-static method App\Helpers\Database::execute() cannot be called statically {"file":"C:\\MAMP\\htdocs\\2026\\clinic\\app\\Models\\Attendance.php","line":85,"trace":"#0 C:\\MAMP\\htdocs\\2026\\clinic\\app\\Controllers\\AttendanceController.php(363): App\\Models\\Attendance::logAttendance(Array)\n#1 [internal function]: App\\Controllers\\AttendanceController->markAttendance(Array)\n#2 C:\\MAMP\\htdocs\\2026\\clinic\\app\\Router.php(80): call_user_func_array(Array, Array)\n#3 C:\\MAMP\\htdocs\\2026\\clinic\\public\\index.php(384): App\\Router->dispatch('/admin/attendan...', 'POST')\n#4 {main}"}
[2026-08-13 20:36:14] [ERROR] Unhandled Exception: Non-static method App\Helpers\Database::execute() cannot be called statically {"file":"C:\\MAMP\\htdocs\\2026\\clinic\\app\\Models\\Attendance.php","line":85,"trace":"#0 C:\\MAMP\\htdocs\\2026\\clinic\\app\\Controllers\\AttendanceController.php(363): App\\Models\\Attendance::logAttendance(Array)\n#1 [internal function]: App\\Controllers\\AttendanceController->markAttendance(Array)\n#2 C:\\MAMP\\htdocs\\2026\\clinic\\app\\Router.php(80): call_user_func_array(Array, Array)\n#3 C:\\MAMP\\htdocs\\2026\\clinic\\public\\index.php(379): App\\Router->dispatch('/admin/attendan...', 'POST')\n#4 {main}"}
[2026-08-13 20:36:27] [ERROR] Failed to write activity log to database: Non-static method App\Helpers\Database::execute() cannot be called statically {"action":"User Logout","details":"User kolkata admin logged out.","user_id":53}
[2026-08-13 20:36:34] [ERROR] Failed to write activity log to database: Non-static method App\Helpers\Database::execute() cannot be called statically {"action":"User Login","details":"User admin logged in from IP: ::1","user_id":52}
[2026-08-13 20:37:33] [ERROR] Unhandled Exception: Non-static method App\Helpers\Database::execute() cannot be called statically {"file":"C:\\MAMP\\htdocs\\2026\\clinic\\app\\Models\\Attendance.php","line":85,"trace":"#0 C:\\MAMP\\htdocs\\2026\\clinic\\app\\Controllers\\AttendanceController.php(363): App\\Models\\Attendance::logAttendance(Array)\n#1 [internal function]: App\\Controllers\\AttendanceController->markAttendance(Array)\n#2 C:\\MAMP\\htdocs\\2026\\clinic\\app\\Router.php(80): call_user_func_array(Array, Array)\n#3 C:\\MAMP\\htdocs\\2026\\clinic\\public\\index.php(379): App\\Router->dispatch('/admin/attendan...', 'POST')\n#4 {main}"}
[2026-08-13 20:38:58] [ERROR] Unhandled Exception: Non-static method App\Helpers\Database::execute() cannot be called statically {"file":"C:\\MAMP\\htdocs\\2026\\clinic\\app\\Models\\Attendance.php","line":85,"trace":"#0 C:\\MAMP\\htdocs\\2026\\clinic\\app\\Controllers\\AttendanceController.php(363): App\\Models\\Attendance::logAttendance(Array)\n#1 [internal function]: App\\Controllers\\AttendanceController->markAttendance(Array)\n#2 C:\\MAMP\\htdocs\\2026\\clinic\\app\\Router.php(80): call_user_func_array(Array, Array)\n#3 C:\\MAMP\\htdocs\\2026\\clinic\\public\\index.php(353): App\\Router->dispatch('/admin/attendan...', 'POST')\n#4 {main}"}
[2026-08-13 20:44:39] [ERROR] Unhandled Exception: Non-static method App\Helpers\Database::execute() cannot be called statically {"file":"C:\\MAMP\\htdocs\\2026\\clinic\\app\\Models\\Attendance.php","line":85,"trace":"#0 C:\\MAMP\\htdocs\\2026\\clinic\\app\\Controllers\\AttendanceController.php(363): App\\Models\\Attendance::logAttendance(Array)\n#1 [internal function]: App\\Controllers\\AttendanceController->markAttendance(Array)\n#2 C:\\MAMP\\htdocs\\2026\\clinic\\app\\Router.php(80): call_user_func_array(Array, Array)\n#3 C:\\MAMP\\htdocs\\2026\\clinic\\public\\index.php(353): App\\Router->dispatch('/admin/attendan...', 'POST')\n#4 {main}"}
[2026-08-13 20:46:44] [ERROR] Unhandled Exception: Non-static method App\Helpers\Database::execute() cannot be called statically {"file":"C:\\MAMP\\htdocs\\2026\\clinic\\app\\Models\\Attendance.php","line":85,"trace":"#0 C:\\MAMP\\htdocs\\2026\\clinic\\app\\Controllers\\AttendanceController.php(363): App\\Models\\Attendance::logAttendance(Array)\n#1 [internal function]: App\\Controllers\\AttendanceController->markAttendance(Array)\n#2 C:\\MAMP\\htdocs\\2026\\clinic\\app\\Router.php(80): call_user_func_array(Array, Array)\n#3 C:\\MAMP\\htdocs\\2026\\clinic\\public\\index.php(353): App\\Router->dispatch('/admin/attendan...', 'POST')\n#4 {main}"}
[2026-08-13 20:48:37] [ERROR] Unhandled Exception: Non-static method App\Helpers\Database::execute() cannot be called statically {"file":"C:\\MAMP\\htdocs\\2026\\clinic\\app\\Models\\Attendance.php","line":85,"trace":"#0 C:\\MAMP\\htdocs\\2026\\clinic\\app\\Controllers\\AttendanceController.php(363): App\\Models\\Attendance::logAttendance(Array)\n#1 [internal function]: App\\Controllers\\AttendanceController->markAttendance(Array)\n#2 C:\\MAMP\\htdocs\\2026\\clinic\\app\\Router.php(80): call_user_func_array(Array, Array)\n#3 C:\\MAMP\\htdocs\\2026\\clinic\\public\\index.php(353): App\\Router->dispatch('/admin/attendan...', 'POST')\n#4 {main}"}
[2026-08-13 20:49:05] [ERROR] Unhandled Exception: Non-static method App\Helpers\Database::execute() cannot be called statically {"file":"C:\\MAMP\\htdocs\\2026\\clinic\\app\\Models\\Attendance.php","line":85,"trace":"#0 C:\\MAMP\\htdocs\\2026\\clinic\\app\\Controllers\\AttendanceController.php(363): App\\Models\\Attendance::logAttendance(Array)\n#1 [internal function]: App\\Controllers\\AttendanceController->markAttendance(Array)\n#2 C:\\MAMP\\htdocs\\2026\\clinic\\app\\Router.php(80): call_user_func_array(Array, Array)\n#3 C:\\MAMP\\htdocs\\2026\\clinic\\public\\index.php(353): App\\Router->dispatch('/admin/attendan...', 'POST')\n#4 {main}"}
[2026-08-13 20:50:26] [ERROR] Unhandled Exception: Non-static method App\Helpers\Database::execute() cannot be called statically {"file":"C:\\MAMP\\htdocs\\2026\\clinic\\app\\Models\\Attendance.php","line":85,"trace":"#0 C:\\MAMP\\htdocs\\2026\\clinic\\app\\Controllers\\AttendanceController.php(363): App\\Models\\Attendance::logAttendance(Array)\n#1 [internal function]: App\\Controllers\\AttendanceController->markAttendance(Array)\n#2 C:\\MAMP\\htdocs\\2026\\clinic\\app\\Router.php(80): call_user_func_array(Array, Array)\n#3 C:\\MAMP\\htdocs\\2026\\clinic\\public\\index.php(353): App\\Router->dispatch('/admin/attendan...', 'POST')\n#4 {main}"}
[2026-08-13 20:52:30] [ERROR] Unhandled Exception: Non-static method App\Helpers\Database::execute() cannot be called statically {"file":"C:\\MAMP\\htdocs\\2026\\clinic\\app\\Models\\Attendance.php","line":85,"trace":"#0 C:\\MAMP\\htdocs\\2026\\clinic\\app\\Controllers\\AttendanceController.php(356): App\\Models\\Attendance::logAttendance(Array)\n#1 [internal function]: App\\Controllers\\AttendanceController->markAttendance(Array)\n#2 C:\\MAMP\\htdocs\\2026\\clinic\\app\\Router.php(80): call_user_func_array(Array, Array)\n#3 C:\\MAMP\\htdocs\\2026\\clinic\\public\\index.php(371): App\\Router->dispatch('/admin/attendan...', 'POST')\n#4 {main}"}
[2026-08-13 20:52:53] [ERROR] Unhandled Exception: Non-static method App\Helpers\Database::execute() cannot be called statically {"file":"C:\\MAMP\\htdocs\\2026\\clinic\\app\\Models\\Attendance.php","line":85,"trace":"#0 C:\\MAMP\\htdocs\\2026\\clinic\\app\\Controllers\\AttendanceController.php(356): App\\Models\\Attendance::logAttendance(Array)\n#1 [internal function]: App\\Controllers\\AttendanceController->markAttendance(Array)\n#2 C:\\MAMP\\htdocs\\2026\\clinic\\app\\Router.php(80): call_user_func_array(Array, Array)\n#3 C:\\MAMP\\htdocs\\2026\\clinic\\public\\index.php(371): App\\Router->dispatch('/admin/attendan...', 'POST')\n#4 {main}"}
[2026-08-13 20:54:26] [ERROR] Unhandled Exception: App\Helpers\Permission::check(): Argument #2 ($branchId) must be of type ?int, bool given, called in C:\MAMP\htdocs\2026\clinic\app\Controllers\AttendanceController.php on line 255 {"file":"C:\\MAMP\\htdocs\\2026\\clinic\\app\\Helpers\\Permission.php","line":227,"trace":"#0 C:\\MAMP\\htdocs\\2026\\clinic\\app\\Controllers\\AttendanceController.php(255): App\\Helpers\\Permission::check('record_attendan...', false)\n#1 [internal function]: App\\Controllers\\AttendanceController->markAttendance(Array)\n#2 C:\\MAMP\\htdocs\\2026\\clinic\\app\\Router.php(80): call_user_func_array(Array, Array)\n#3 C:\\MAMP\\htdocs\\2026\\clinic\\public\\index.php(371): App\\Router->dispatch('/admin/attendan...', 'POST')\n#4 {main}"}
[2026-08-13 20:58:41] [ERROR] Unhandled Exception: App\Helpers\Permission::check(): Argument #2 ($branchId) must be of type ?int, bool given, called in C:\MAMP\htdocs\2026\clinic\app\Controllers\AttendanceController.php on line 271 {"file":"C:\\MAMP\\htdocs\\2026\\clinic\\app\\Helpers\\Permission.php","line":227,"trace":"#0 C:\\MAMP\\htdocs\\2026\\clinic\\app\\Controllers\\AttendanceController.php(271): App\\Helpers\\Permission::check('record_attendan...', false)\n#1 [internal function]: App\\Controllers\\AttendanceController->markAttendance(Array)\n#2 C:\\MAMP\\htdocs\\2026\\clinic\\app\\Router.php(80): call_user_func_array(Array, Array)\n#3 C:\\MAMP\\htdocs\\2026\\clinic\\public\\index.php(371): App\\Router->dispatch('/admin/attendan...', 'POST')\n#4 {main}"}
[2026-08-13 21:01:16] [ERROR] Unhandled Exception: Non-static method App\Helpers\Database::execute() cannot be called statically {"file":"C:\\MAMP\\htdocs\\2026\\clinic\\app\\Models\\Attendance.php","line":85,"trace":"#0 C:\\MAMP\\htdocs\\2026\\clinic\\app\\Controllers\\AttendanceController.php(391): App\\Models\\Attendance::logAttendance(Array)\n#1 [internal function]: App\\Controllers\\AttendanceController->markAttendance(Array)\n#2 C:\\MAMP\\htdocs\\2026\\clinic\\app\\Router.php(80): call_user_func_array(Array, Array)\n#3 C:\\MAMP\\htdocs\\2026\\clinic\\public\\index.php(371): App\\Router->dispatch('/admin/attendan...', 'POST')\n#4 {main}"}
[2026-08-13 21:02:58] [ERROR] Unhandled Exception: Non-static method App\Helpers\Database::execute() cannot be called statically {"file":"C:\\MAMP\\htdocs\\2026\\clinic\\app\\Models\\Attendance.php","line":85,"trace":"#0 C:\\MAMP\\htdocs\\2026\\clinic\\app\\Controllers\\AttendanceController.php(321): App\\Models\\Attendance::logAttendance(Array)\n#1 [internal function]: App\\Controllers\\AttendanceController->markAttendance(Array)\n#2 C:\\MAMP\\htdocs\\2026\\clinic\\app\\Router.php(80): call_user_func_array(Array, Array)\n#3 C:\\MAMP\\htdocs\\2026\\clinic\\public\\index.php(371): App\\Router->dispatch('/admin/attendan...', 'POST')\n#4 {main}"}
[2026-08-13 21:03:51] [ERROR] Unhandled Exception: Non-static method App\Helpers\Database::execute() cannot be called statically {"file":"C:\\MAMP\\htdocs\\2026\\clinic\\app\\Models\\Attendance.php","line":85,"trace":"#0 C:\\MAMP\\htdocs\\2026\\clinic\\app\\Controllers\\AttendanceController.php(321): App\\Models\\Attendance::logAttendance(Array)\n#1 [internal function]: App\\Controllers\\AttendanceController->markAttendance(Array)\n#2 C:\\MAMP\\htdocs\\2026\\clinic\\app\\Router.php(80): call_user_func_array(Array, Array)\n#3 C:\\MAMP\\htdocs\\2026\\clinic\\public\\index.php(371): App\\Router->dispatch('/admin/attendan...', 'POST')\n#4 {main}"}
[2026-08-13 21:05:58] [ERROR] Unhandled Exception: Non-static method App\Helpers\Database::execute() cannot be called statically {"file":"C:\\MAMP\\htdocs\\2026\\clinic\\app\\Models\\Attendance.php","line":85,"trace":"#0 C:\\MAMP\\htdocs\\2026\\clinic\\app\\Controllers\\AttendanceController.php(324): App\\Models\\Attendance::logAttendance(Array)\n#1 [internal function]: App\\Controllers\\AttendanceController->markAttendance(Array)\n#2 C:\\MAMP\\htdocs\\2026\\clinic\\app\\Router.php(80): call_user_func_array(Array, Array)\n#3 C:\\MAMP\\htdocs\\2026\\clinic\\public\\index.php(371): App\\Router->dispatch('/admin/attendan...', 'POST')\n#4 {main}"}
[2026-08-13 21:35:28] [ERROR] Failed to write activity log to database: Non-static method App\Helpers\Database::execute() cannot be called statically {"action":"Session Timeout","details":"User admin was logged out due to inactivity.","user_id":52}
[2026-08-13 21:35:40] [ERROR] Failed to write activity log to database: Non-static method App\Helpers\Database::execute() cannot be called statically {"action":"User Login","details":"User admin logged in from IP: ::1","user_id":52}
[2026-08-13 21:54:09] [ERROR] Unhandled Exception: Non-static method App\Helpers\Database::execute() cannot be called statically {"file":"C:\\MAMP\\htdocs\\2026\\clinic\\app\\Models\\Appointment.php","line":178,"trace":"#0 C:\\MAMP\\htdocs\\2026\\clinic\\app\\Controllers\\AppointmentController.php(170): App\\Models\\Appointment::saveDoctorSchedule(52, Array)\n#1 [internal function]: App\\Controllers\\AppointmentController->saveSchedule(Array)\n#2 C:\\MAMP\\htdocs\\2026\\clinic\\app\\Router.php(80): call_user_func_array(Array, Array)\n#3 C:\\MAMP\\htdocs\\2026\\clinic\\public\\index.php(371): App\\Router->dispatch('/admin/appointm...', 'POST')\n#4 {main}"}
[2026-08-13 21:55:02] [ERROR] Unhandled Exception: Non-static method App\Helpers\Database::execute() cannot be called statically {"file":"C:\\MAMP\\htdocs\\2026\\clinic\\app\\Models\\Appointment.php","line":178,"trace":"#0 C:\\MAMP\\htdocs\\2026\\clinic\\app\\Controllers\\AppointmentController.php(170): App\\Models\\Appointment::saveDoctorSchedule(52, Array)\n#1 [internal function]: App\\Controllers\\AppointmentController->saveSchedule(Array)\n#2 C:\\MAMP\\htdocs\\2026\\clinic\\app\\Router.php(80): call_user_func_array(Array, Array)\n#3 C:\\MAMP\\htdocs\\2026\\clinic\\public\\index.php(371): App\\Router->dispatch('/admin/appointm...', 'POST')\n#4 {main}"}
[2026-08-13 21:55:43] [ERROR] Failed to save doctor schedule: App\Models\Appointment::saveDoctorSchedule(): Return value must be of type bool, int returned
[2026-08-13 21:57:07] [ERROR] Failed to save doctor schedule: App\Models\Appointment::saveDoctorSchedule(): Return value must be of type bool, int returned
[2026-08-13 21:57:30] [ERROR] Failed to save doctor schedule: App\Models\Appointment::saveDoctorSchedule(): Return value must be of type bool, int returned
[2026-08-13 21:58:14] [ERROR] Failed to save doctor schedule: App\Models\Appointment::saveDoctorSchedule(): Return value must be of type bool, int returned
[2026-08-13 22:00:19] [ERROR] Failed to write activity log to database: Non-static method App\Helpers\Database::execute() cannot be called statically {"action":"Employee Enrollment","details":"Enrolled employee user account: saltlake admin","user_id":52}
[2026-08-13 22:02:17] [ERROR] Failed to save doctor schedule: App\Models\Appointment::saveDoctorSchedule(): Return value must be of type bool, int returned
[2026-08-13 22:05:03] [ERROR] Failed to write activity log to database: Non-static method App\Helpers\Database::execute() cannot be called statically {"action":"Schedule Configuration","details":"Updated schedule for day: Friday (Doctor ID: 54)","user_id":52}
[2026-08-13 22:06:07] [ERROR] Failed to create appointment: Non-static method App\Helpers\Database::lastInsertId() cannot be called statically
[2026-08-13 22:06:51] [ERROR] Failed to create appointment: Non-static method App\Helpers\Database::lastInsertId() cannot be called statically
[2026-08-13 22:14:18] [ERROR] Failed to create appointment: Non-static method App\Helpers\Database::lastInsertId() cannot be called statically
[2026-08-13 22:17:19] [ERROR] Failed to create appointment: Non-static method App\Helpers\Database::lastInsertId() cannot be called statically
[2026-08-13 22:20:08] [ERROR] Failed to create appointment: Non-static method App\Helpers\Database::lastInsertId() cannot be called statically
[2026-08-13 22:22:42] [ERROR] Failed to create appointment: Non-static method App\Helpers\Database::lastInsertId() cannot be called statically
[2026-08-14 11:02:40] [ERROR] Failed to write activity log to database: Non-static method App\Helpers\Database::execute() cannot be called statically {"action":"User Login","details":"User admin logged in from IP: ::1","user_id":52}
[2026-08-14 11:16:28] [ERROR] Failed to write activity log to database: Non-static method App\Helpers\Database::execute() cannot be called statically {"action":"User Logout","details":"User admin logged out.","user_id":52}
[2026-08-14 11:16:34] [ERROR] Failed to write activity log to database: Non-static method App\Helpers\Database::execute() cannot be called statically {"action":"User Login","details":"User mohit logged in from IP: ::1","user_id":54}
[2026-08-14 11:17:22] [ERROR] Failed to write activity log to database: Non-static method App\Helpers\Database::execute() cannot be called statically {"action":"User Logout","details":"User mohit logged out.","user_id":54}
[2026-08-14 11:25:19] [ERROR] Failed to write activity log to database: Non-static method App\Helpers\Database::execute() cannot be called statically {"action":"Online Booking Submission","details":"Patient sudipa ghosh submitted appointment request (Appt ID: 15).","user_id":null}
[2026-08-14 11:25:36] [ERROR] Failed to write activity log to database: Non-static method App\Helpers\Database::execute() cannot be called statically {"action":"User Login","details":"User admin logged in from IP: ::1","user_id":52}
[2026-08-14 11:31:13] [ERROR] Failed to write activity log to database: Non-static method App\Helpers\Database::execute() cannot be called statically {"action":"Online Booking Submission","details":"Patient shuvajit karmakar submitted appointment request (Appt ID: 16).","user_id":52}
[2026-08-14 11:31:54] [ERROR] Failed to write activity log to database: Non-static method App\Helpers\Database::execute() cannot be called statically {"action":"User Logout","details":"User admin logged out.","user_id":52}
[2026-08-14 11:32:02] [ERROR] Failed to write activity log to database: Non-static method App\Helpers\Database::execute() cannot be called statically {"action":"User Login","details":"User branch.kolkata@clinic.com logged in from IP: ::1","user_id":53}
[2026-08-14 11:32:12] [ERROR] Failed to write activity log to database: Non-static method App\Helpers\Database::execute() cannot be called statically {"action":"Appointment Approved","details":"Approved appointment token #1 for patient shuvajit karmakar","user_id":53}
[2026-08-14 11:32:24] [ERROR] Failed to write activity log to database: Non-static method App\Helpers\Database::execute() cannot be called statically {"action":"User Logout","details":"User kolkata admin logged out.","user_id":53}
[2026-08-14 11:32:35] [ERROR] Failed to write activity log to database: Non-static method App\Helpers\Database::execute() cannot be called statically {"action":"User Login","details":"User mohit logged in from IP: ::1","user_id":54}
[2026-08-14 11:51:51] [ERROR] Failed to write activity log to database: Non-static method App\Helpers\Database::execute() cannot be called statically {"action":"Session Timeout","details":"User mohit was logged out due to inactivity.","user_id":54}
[2026-08-14 11:52:03] [ERROR] Failed to write activity log to database: Non-static method App\Helpers\Database::execute() cannot be called statically {"action":"User Login","details":"User mohit logged in from IP: ::1","user_id":54}
[2026-08-14 12:02:25] [ERROR] Failed to create prescription record: Non-static method App\Helpers\Database::lastInsertId() cannot be called statically
[2026-08-14 12:02:52] [ERROR] Failed to create prescription record: Non-static method App\Helpers\Database::lastInsertId() cannot be called statically
[2026-08-14 12:04:29] [ERROR] Unhandled Exception: Non-static method App\Helpers\Database::rollBack() cannot be called statically {"file":"C:\\MAMP\\htdocs\\2026\\clinic\\app\\Controllers\\DoctorController.php","line":278,"trace":"#0 [internal function]: App\\Controllers\\DoctorController->saveConsultation(Array)\n#1 C:\\MAMP\\htdocs\\2026\\clinic\\app\\Router.php(80): call_user_func_array(Array, Array)\n#2 C:\\MAMP\\htdocs\\2026\\clinic\\public\\index.php(371): App\\Router->dispatch('/doctor/opd/con...', 'POST')\n#3 {main}"}
[2026-08-14 12:05:57] [ERROR] Failed to create prescription record: Non-static method App\Helpers\Database::lastInsertId() cannot be called statically
[2026-08-14 12:08:51] [ERROR] Failed to create prescription record: Non-static method App\Helpers\Database::lastInsertId() cannot be called statically
[2026-08-14 12:09:54] [ERROR] Failed to create prescription record: Non-static method App\Helpers\Database::lastInsertId() cannot be called statically
[2026-08-14 12:10:38] [ERROR] Failed to create prescription record: Non-static method App\Helpers\Database::lastInsertId() cannot be called statically
[2026-08-14 12:13:03] [ERROR] Failed to create prescription record: Non-static method App\Helpers\Database::lastInsertId() cannot be called statically
[2026-08-14 12:14:15] [ERROR] Failed to create prescription record: Non-static method App\Helpers\Database::lastInsertId() cannot be called statically
[2026-08-14 12:15:20] [ERROR] Failed to create prescription record: Non-static method App\Helpers\Database::lastInsertId() cannot be called statically
[2026-08-14 12:15:31] [ERROR] Failed to create prescription record: Non-static method App\Helpers\Database::lastInsertId() cannot be called statically
[2026-08-14 12:15:52] [ERROR] Failed to create prescription record: Non-static method App\Helpers\Database::lastInsertId() cannot be called statically
[2026-08-14 12:17:23] [ERROR] Failed to create prescription record: Non-static method App\Helpers\Database::lastInsertId() cannot be called statically
[2026-08-14 12:17:28] [ERROR] Failed to create prescription record: Non-static method App\Helpers\Database::lastInsertId() cannot be called statically
[2026-08-14 12:19:33] [ERROR] Failed to create prescription record: Non-static method App\Helpers\Database::lastInsertId() cannot be called statically
[2026-08-14 12:28:42] [ERROR] Failed to create prescription record: Non-static method App\Helpers\Database::lastInsertId() cannot be called statically
[2026-08-14 12:35:09] [ERROR] Failed to write activity log to database: Non-static method App\Helpers\Database::execute() cannot be called statically {"action":"OPD Consultation Completed","details":"Completed consultation for patient shuvajit karmakar (Prescription ID: 8)","user_id":54}
[2026-08-14 12:36:53] [ERROR] Failed to write activity log to database: Non-static method App\Helpers\Database::execute() cannot be called statically {"action":"Online Booking Submission","details":"Patient Shuvajit Karmakar submitted appointment request (Appt ID: 17).","user_id":54}
[2026-08-14 12:37:31] [ERROR] Failed to write activity log to database: Non-static method App\Helpers\Database::execute() cannot be called statically {"action":"User Login","details":"User admin logged in from IP: ::1","user_id":52}
[2026-08-14 12:37:52] [ERROR] Failed to write activity log to database: Non-static method App\Helpers\Database::execute() cannot be called statically {"action":"User Logout","details":"User admin logged out.","user_id":52}
[2026-08-14 12:37:56] [ERROR] Failed to write activity log to database: Non-static method App\Helpers\Database::execute() cannot be called statically {"action":"Failed Login","details":"Failed login: salt@gmail.com from IP: ::1","user_id":null}
[2026-08-14 12:39:17] [ERROR] Failed to write activity log to database: Non-static method App\Helpers\Database::execute() cannot be called statically {"action":"User Login","details":"User salt@gmail.com logged in from IP: ::1","user_id":57}
[2026-08-14 12:39:28] [ERROR] Failed to write activity log to database: Non-static method App\Helpers\Database::execute() cannot be called statically {"action":"User Logout","details":"User saltlake admin logged out.","user_id":57}
[2026-08-14 12:39:35] [ERROR] Failed to write activity log to database: Non-static method App\Helpers\Database::execute() cannot be called statically {"action":"User Login","details":"User branch.kolkata@clinic.com logged in from IP: ::1","user_id":53}
[2026-08-14 12:39:43] [ERROR] Failed to write activity log to database: Non-static method App\Helpers\Database::execute() cannot be called statically {"action":"Appointment Approved","details":"Approved appointment token #1 for patient shuvajit karmakar","user_id":53}
[2026-08-14 12:41:55] [ERROR] Failed to write activity log to database: Non-static method App\Helpers\Database::execute() cannot be called statically {"action":"OPD Consultation Completed","details":"Completed consultation for patient shuvajit karmakar (Prescription ID: 9)","user_id":54}
[2026-08-14 12:51:30] [ERROR] Unhandled Exception: SQLSTATE[42S22]: Column not found: 1054 Unknown column 'r.branch_id' in 'where clause' {"file":"C:\\MAMP\\htdocs\\2026\\clinic\\app\\Helpers\\Database.php","line":106,"trace":"#0 C:\\MAMP\\htdocs\\2026\\clinic\\app\\Helpers\\Database.php(106): PDO->prepare('SELECT b.id, b....')\n#1 C:\\MAMP\\htdocs\\2026\\clinic\\app\\Helpers\\Database.php(187): App\\Helpers\\Database->getAll('SELECT b.id, b....', Array)\n#2 C:\\MAMP\\htdocs\\2026\\clinic\\app\\Controllers\\IpdController.php(105): App\\Helpers\\Database::all('SELECT b.id, b....', Array)\n#3 [internal function]: App\\Controllers\\IpdController->admitForm(Array)\n#4 C:\\MAMP\\htdocs\\2026\\clinic\\app\\Router.php(80): call_user_func_array(Array, Array)\n#5 C:\\MAMP\\htdocs\\2026\\clinic\\public\\index.php(380): App\\Router->dispatch('/admin/ipd/admi...', 'GET')\n#6 {main}"}
[2026-08-14 12:52:55] [ERROR] Unhandled Exception: SQLSTATE[42S22]: Column not found: 1054 Unknown column 'r.branch_id' in 'where clause' {"file":"C:\\MAMP\\htdocs\\2026\\clinic\\app\\Helpers\\Database.php","line":106,"trace":"#0 C:\\MAMP\\htdocs\\2026\\clinic\\app\\Helpers\\Database.php(106): PDO->prepare('SELECT b.id, b....')\n#1 C:\\MAMP\\htdocs\\2026\\clinic\\app\\Helpers\\Database.php(187): App\\Helpers\\Database->getAll('SELECT b.id, b....', Array)\n#2 C:\\MAMP\\htdocs\\2026\\clinic\\app\\Controllers\\IpdController.php(105): App\\Helpers\\Database::all('SELECT b.id, b....', Array)\n#3 [internal function]: App\\Controllers\\IpdController->admitForm(Array)\n#4 C:\\MAMP\\htdocs\\2026\\clinic\\app\\Router.php(80): call_user_func_array(Array, Array)\n#5 C:\\MAMP\\htdocs\\2026\\clinic\\public\\index.php(380): App\\Router->dispatch('/admin/ipd/admi...', 'GET')\n#6 {main}"}
[2026-08-14 12:52:55] [ERROR] Unhandled Exception: SQLSTATE[42S22]: Column not found: 1054 Unknown column 'r.branch_id' in 'where clause' {"file":"C:\\MAMP\\htdocs\\2026\\clinic\\app\\Helpers\\Database.php","line":106,"trace":"#0 C:\\MAMP\\htdocs\\2026\\clinic\\app\\Helpers\\Database.php(106): PDO->prepare('SELECT b.id, b....')\n#1 C:\\MAMP\\htdocs\\2026\\clinic\\app\\Helpers\\Database.php(187): App\\Helpers\\Database->getAll('SELECT b.id, b....', Array)\n#2 C:\\MAMP\\htdocs\\2026\\clinic\\app\\Controllers\\IpdController.php(105): App\\Helpers\\Database::all('SELECT b.id, b....', Array)\n#3 [internal function]: App\\Controllers\\IpdController->admitForm(Array)\n#4 C:\\MAMP\\htdocs\\2026\\clinic\\app\\Router.php(80): call_user_func_array(Array, Array)\n#5 C:\\MAMP\\htdocs\\2026\\clinic\\public\\index.php(380): App\\Router->dispatch('/admin/ipd/admi...', 'GET')\n#6 {main}"}
[2026-08-14 12:52:56] [ERROR] Unhandled Exception: SQLSTATE[42S22]: Column not found: 1054 Unknown column 'r.branch_id' in 'where clause' {"file":"C:\\MAMP\\htdocs\\2026\\clinic\\app\\Helpers\\Database.php","line":106,"trace":"#0 C:\\MAMP\\htdocs\\2026\\clinic\\app\\Helpers\\Database.php(106): PDO->prepare('SELECT b.id, b....')\n#1 C:\\MAMP\\htdocs\\2026\\clinic\\app\\Helpers\\Database.php(187): App\\Helpers\\Database->getAll('SELECT b.id, b....', Array)\n#2 C:\\MAMP\\htdocs\\2026\\clinic\\app\\Controllers\\IpdController.php(105): App\\Helpers\\Database::all('SELECT b.id, b....', Array)\n#3 [internal function]: App\\Controllers\\IpdController->admitForm(Array)\n#4 C:\\MAMP\\htdocs\\2026\\clinic\\app\\Router.php(80): call_user_func_array(Array, Array)\n#5 C:\\MAMP\\htdocs\\2026\\clinic\\public\\index.php(380): App\\Router->dispatch('/admin/ipd/admi...', 'GET')\n#6 {main}"}
[2026-08-14 12:52:56] [ERROR] Unhandled Exception: SQLSTATE[42S22]: Column not found: 1054 Unknown column 'r.branch_id' in 'where clause' {"file":"C:\\MAMP\\htdocs\\2026\\clinic\\app\\Helpers\\Database.php","line":106,"trace":"#0 C:\\MAMP\\htdocs\\2026\\clinic\\app\\Helpers\\Database.php(106): PDO->prepare('SELECT b.id, b....')\n#1 C:\\MAMP\\htdocs\\2026\\clinic\\app\\Helpers\\Database.php(187): App\\Helpers\\Database->getAll('SELECT b.id, b....', Array)\n#2 C:\\MAMP\\htdocs\\2026\\clinic\\app\\Controllers\\IpdController.php(105): App\\Helpers\\Database::all('SELECT b.id, b....', Array)\n#3 [internal function]: App\\Controllers\\IpdController->admitForm(Array)\n#4 C:\\MAMP\\htdocs\\2026\\clinic\\app\\Router.php(80): call_user_func_array(Array, Array)\n#5 C:\\MAMP\\htdocs\\2026\\clinic\\public\\index.php(380): App\\Router->dispatch('/admin/ipd/admi...', 'GET')\n#6 {main}"}
[2026-08-14 12:52:56] [ERROR] Unhandled Exception: SQLSTATE[42S22]: Column not found: 1054 Unknown column 'r.branch_id' in 'where clause' {"file":"C:\\MAMP\\htdocs\\2026\\clinic\\app\\Helpers\\Database.php","line":106,"trace":"#0 C:\\MAMP\\htdocs\\2026\\clinic\\app\\Helpers\\Database.php(106): PDO->prepare('SELECT b.id, b....')\n#1 C:\\MAMP\\htdocs\\2026\\clinic\\app\\Helpers\\Database.php(187): App\\Helpers\\Database->getAll('SELECT b.id, b....', Array)\n#2 C:\\MAMP\\htdocs\\2026\\clinic\\app\\Controllers\\IpdController.php(105): App\\Helpers\\Database::all('SELECT b.id, b....', Array)\n#3 [internal function]: App\\Controllers\\IpdController->admitForm(Array)\n#4 C:\\MAMP\\htdocs\\2026\\clinic\\app\\Router.php(80): call_user_func_array(Array, Array)\n#5 C:\\MAMP\\htdocs\\2026\\clinic\\public\\index.php(380): App\\Router->dispatch('/admin/ipd/admi...', 'GET')\n#6 {main}"}
[2026-08-14 12:52:56] [ERROR] Unhandled Exception: SQLSTATE[42S22]: Column not found: 1054 Unknown column 'r.branch_id' in 'where clause' {"file":"C:\\MAMP\\htdocs\\2026\\clinic\\app\\Helpers\\Database.php","line":106,"trace":"#0 C:\\MAMP\\htdocs\\2026\\clinic\\app\\Helpers\\Database.php(106): PDO->prepare('SELECT b.id, b....')\n#1 C:\\MAMP\\htdocs\\2026\\clinic\\app\\Helpers\\Database.php(187): App\\Helpers\\Database->getAll('SELECT b.id, b....', Array)\n#2 C:\\MAMP\\htdocs\\2026\\clinic\\app\\Controllers\\IpdController.php(105): App\\Helpers\\Database::all('SELECT b.id, b....', Array)\n#3 [internal function]: App\\Controllers\\IpdController->admitForm(Array)\n#4 C:\\MAMP\\htdocs\\2026\\clinic\\app\\Router.php(80): call_user_func_array(Array, Array)\n#5 C:\\MAMP\\htdocs\\2026\\clinic\\public\\index.php(380): App\\Router->dispatch('/admin/ipd/admi...', 'GET')\n#6 {main}"}
[2026-08-14 12:52:56] [ERROR] Unhandled Exception: SQLSTATE[42S22]: Column not found: 1054 Unknown column 'r.branch_id' in 'where clause' {"file":"C:\\MAMP\\htdocs\\2026\\clinic\\app\\Helpers\\Database.php","line":106,"trace":"#0 C:\\MAMP\\htdocs\\2026\\clinic\\app\\Helpers\\Database.php(106): PDO->prepare('SELECT b.id, b....')\n#1 C:\\MAMP\\htdocs\\2026\\clinic\\app\\Helpers\\Database.php(187): App\\Helpers\\Database->getAll('SELECT b.id, b....', Array)\n#2 C:\\MAMP\\htdocs\\2026\\clinic\\app\\Controllers\\IpdController.php(105): App\\Helpers\\Database::all('SELECT b.id, b....', Array)\n#3 [internal function]: App\\Controllers\\IpdController->admitForm(Array)\n#4 C:\\MAMP\\htdocs\\2026\\clinic\\app\\Router.php(80): call_user_func_array(Array, Array)\n#5 C:\\MAMP\\htdocs\\2026\\clinic\\public\\index.php(380): App\\Router->dispatch('/admin/ipd/admi...', 'GET')\n#6 {main}"}
[2026-08-14 12:52:57] [ERROR] Unhandled Exception: SQLSTATE[42S22]: Column not found: 1054 Unknown column 'r.branch_id' in 'where clause' {"file":"C:\\MAMP\\htdocs\\2026\\clinic\\app\\Helpers\\Database.php","line":106,"trace":"#0 C:\\MAMP\\htdocs\\2026\\clinic\\app\\Helpers\\Database.php(106): PDO->prepare('SELECT b.id, b....')\n#1 C:\\MAMP\\htdocs\\2026\\clinic\\app\\Helpers\\Database.php(187): App\\Helpers\\Database->getAll('SELECT b.id, b....', Array)\n#2 C:\\MAMP\\htdocs\\2026\\clinic\\app\\Controllers\\IpdController.php(105): App\\Helpers\\Database::all('SELECT b.id, b....', Array)\n#3 [internal function]: App\\Controllers\\IpdController->admitForm(Array)\n#4 C:\\MAMP\\htdocs\\2026\\clinic\\app\\Router.php(80): call_user_func_array(Array, Array)\n#5 C:\\MAMP\\htdocs\\2026\\clinic\\public\\index.php(380): App\\Router->dispatch('/admin/ipd/admi...', 'GET')\n#6 {main}"}
[2026-08-14 12:52:57] [ERROR] Unhandled Exception: SQLSTATE[42S22]: Column not found: 1054 Unknown column 'r.branch_id' in 'where clause' {"file":"C:\\MAMP\\htdocs\\2026\\clinic\\app\\Helpers\\Database.php","line":106,"trace":"#0 C:\\MAMP\\htdocs\\2026\\clinic\\app\\Helpers\\Database.php(106): PDO->prepare('SELECT b.id, b....')\n#1 C:\\MAMP\\htdocs\\2026\\clinic\\app\\Helpers\\Database.php(187): App\\Helpers\\Database->getAll('SELECT b.id, b....', Array)\n#2 C:\\MAMP\\htdocs\\2026\\clinic\\app\\Controllers\\IpdController.php(105): App\\Helpers\\Database::all('SELECT b.id, b....', Array)\n#3 [internal function]: App\\Controllers\\IpdController->admitForm(Array)\n#4 C:\\MAMP\\htdocs\\2026\\clinic\\app\\Router.php(80): call_user_func_array(Array, Array)\n#5 C:\\MAMP\\htdocs\\2026\\clinic\\public\\index.php(380): App\\Router->dispatch('/admin/ipd/admi...', 'GET')\n#6 {main}"}
[2026-08-14 12:52:58] [ERROR] Unhandled Exception: SQLSTATE[42S22]: Column not found: 1054 Unknown column 'r.branch_id' in 'where clause' {"file":"C:\\MAMP\\htdocs\\2026\\clinic\\app\\Helpers\\Database.php","line":106,"trace":"#0 C:\\MAMP\\htdocs\\2026\\clinic\\app\\Helpers\\Database.php(106): PDO->prepare('SELECT b.id, b....')\n#1 C:\\MAMP\\htdocs\\2026\\clinic\\app\\Helpers\\Database.php(187): App\\Helpers\\Database->getAll('SELECT b.id, b....', Array)\n#2 C:\\MAMP\\htdocs\\2026\\clinic\\app\\Controllers\\IpdController.php(105): App\\Helpers\\Database::all('SELECT b.id, b....', Array)\n#3 [internal function]: App\\Controllers\\IpdController->admitForm(Array)\n#4 C:\\MAMP\\htdocs\\2026\\clinic\\app\\Router.php(80): call_user_func_array(Array, Array)\n#5 C:\\MAMP\\htdocs\\2026\\clinic\\public\\index.php(380): App\\Router->dispatch('/admin/ipd/admi...', 'GET')\n#6 {main}"}
[2026-08-14 12:52:58] [ERROR] Unhandled Exception: SQLSTATE[42S22]: Column not found: 1054 Unknown column 'r.branch_id' in 'where clause' {"file":"C:\\MAMP\\htdocs\\2026\\clinic\\app\\Helpers\\Database.php","line":106,"trace":"#0 C:\\MAMP\\htdocs\\2026\\clinic\\app\\Helpers\\Database.php(106): PDO->prepare('SELECT b.id, b....')\n#1 C:\\MAMP\\htdocs\\2026\\clinic\\app\\Helpers\\Database.php(187): App\\Helpers\\Database->getAll('SELECT b.id, b....', Array)\n#2 C:\\MAMP\\htdocs\\2026\\clinic\\app\\Controllers\\IpdController.php(105): App\\Helpers\\Database::all('SELECT b.id, b....', Array)\n#3 [internal function]: App\\Controllers\\IpdController->admitForm(Array)\n#4 C:\\MAMP\\htdocs\\2026\\clinic\\app\\Router.php(80): call_user_func_array(Array, Array)\n#5 C:\\MAMP\\htdocs\\2026\\clinic\\public\\index.php(380): App\\Router->dispatch('/admin/ipd/admi...', 'GET')\n#6 {main}"}
[2026-08-14 12:52:58] [ERROR] Unhandled Exception: SQLSTATE[42S22]: Column not found: 1054 Unknown column 'r.branch_id' in 'where clause' {"file":"C:\\MAMP\\htdocs\\2026\\clinic\\app\\Helpers\\Database.php","line":106,"trace":"#0 C:\\MAMP\\htdocs\\2026\\clinic\\app\\Helpers\\Database.php(106): PDO->prepare('SELECT b.id, b....')\n#1 C:\\MAMP\\htdocs\\2026\\clinic\\app\\Helpers\\Database.php(187): App\\Helpers\\Database->getAll('SELECT b.id, b....', Array)\n#2 C:\\MAMP\\htdocs\\2026\\clinic\\app\\Controllers\\IpdController.php(105): App\\Helpers\\Database::all('SELECT b.id, b....', Array)\n#3 [internal function]: App\\Controllers\\IpdController->admitForm(Array)\n#4 C:\\MAMP\\htdocs\\2026\\clinic\\app\\Router.php(80): call_user_func_array(Array, Array)\n#5 C:\\MAMP\\htdocs\\2026\\clinic\\public\\index.php(380): App\\Router->dispatch('/admin/ipd/admi...', 'GET')\n#6 {main}"}
[2026-08-14 12:52:58] [ERROR] Unhandled Exception: SQLSTATE[42S22]: Column not found: 1054 Unknown column 'r.branch_id' in 'where clause' {"file":"C:\\MAMP\\htdocs\\2026\\clinic\\app\\Helpers\\Database.php","line":106,"trace":"#0 C:\\MAMP\\htdocs\\2026\\clinic\\app\\Helpers\\Database.php(106): PDO->prepare('SELECT b.id, b....')\n#1 C:\\MAMP\\htdocs\\2026\\clinic\\app\\Helpers\\Database.php(187): App\\Helpers\\Database->getAll('SELECT b.id, b....', Array)\n#2 C:\\MAMP\\htdocs\\2026\\clinic\\app\\Controllers\\IpdController.php(105): App\\Helpers\\Database::all('SELECT b.id, b....', Array)\n#3 [internal function]: App\\Controllers\\IpdController->admitForm(Array)\n#4 C:\\MAMP\\htdocs\\2026\\clinic\\app\\Router.php(80): call_user_func_array(Array, Array)\n#5 C:\\MAMP\\htdocs\\2026\\clinic\\public\\index.php(380): App\\Router->dispatch('/admin/ipd/admi...', 'GET')\n#6 {main}"}
[2026-08-14 12:53:00] [ERROR] Unhandled Exception: SQLSTATE[42S22]: Column not found: 1054 Unknown column 'r.branch_id' in 'where clause' {"file":"C:\\MAMP\\htdocs\\2026\\clinic\\app\\Helpers\\Database.php","line":106,"trace":"#0 C:\\MAMP\\htdocs\\2026\\clinic\\app\\Helpers\\Database.php(106): PDO->prepare('SELECT b.id, b....')\n#1 C:\\MAMP\\htdocs\\2026\\clinic\\app\\Helpers\\Database.php(187): App\\Helpers\\Database->getAll('SELECT b.id, b....', Array)\n#2 C:\\MAMP\\htdocs\\2026\\clinic\\app\\Controllers\\IpdController.php(105): App\\Helpers\\Database::all('SELECT b.id, b....', Array)\n#3 [internal function]: App\\Controllers\\IpdController->admitForm(Array)\n#4 C:\\MAMP\\htdocs\\2026\\clinic\\app\\Router.php(80): call_user_func_array(Array, Array)\n#5 C:\\MAMP\\htdocs\\2026\\clinic\\public\\index.php(380): App\\Router->dispatch('/admin/ipd/admi...', 'GET')\n#6 {main}"}
[2026-08-14 12:58:33] [ERROR] Failed to execute IPD admission: Non-static method App\Helpers\Database::lastInsertId() cannot be called statically
[2026-08-14 12:58:47] [ERROR] Unhandled Exception: Undefined array key "room_number" {"file":"C:\\MAMP\\htdocs\\2026\\clinic\\views\\admin\\ipd\\index.php","line":62,"trace":"#0 C:\\MAMP\\htdocs\\2026\\clinic\\views\\admin\\ipd\\index.php(62): {closure}(2, 'Undefined array...', 'C:\\\\MAMP\\\\htdocs\\\\...', 62)\n#1 C:\\MAMP\\htdocs\\2026\\clinic\\app\\Helpers\\functions.php(71): include('C:\\\\MAMP\\\\htdocs\\\\...')\n#2 C:\\MAMP\\htdocs\\2026\\clinic\\app\\Controllers\\IpdController.php(49): view('admin.ipd.index', Array)\n#3 [internal function]: App\\Controllers\\IpdController->index(Array)\n#4 C:\\MAMP\\htdocs\\2026\\clinic\\app\\Router.php(80): call_user_func_array(Array, Array)\n#5 C:\\MAMP\\htdocs\\2026\\clinic\\public\\index.php(380): App\\Router->dispatch('/admin/ipd', 'GET')\n#6 {main}"}
[2026-08-14 13:02:15] [ERROR] Unhandled Exception: Undefined array key "room_number" {"file":"C:\\MAMP\\htdocs\\2026\\clinic\\views\\admin\\ipd\\index.php","line":62,"trace":"#0 C:\\MAMP\\htdocs\\2026\\clinic\\views\\admin\\ipd\\index.php(62): {closure}(2, 'Undefined array...', 'C:\\\\MAMP\\\\htdocs\\\\...', 62)\n#1 C:\\MAMP\\htdocs\\2026\\clinic\\app\\Helpers\\functions.php(71): include('C:\\\\MAMP\\\\htdocs\\\\...')\n#2 C:\\MAMP\\htdocs\\2026\\clinic\\app\\Controllers\\IpdController.php(49): view('admin.ipd.index', Array)\n#3 [internal function]: App\\Controllers\\IpdController->index(Array)\n#4 C:\\MAMP\\htdocs\\2026\\clinic\\app\\Router.php(80): call_user_func_array(Array, Array)\n#5 C:\\MAMP\\htdocs\\2026\\clinic\\public\\index.php(380): App\\Router->dispatch('/admin/ipd', 'GET')\n#6 {main}"}
[2026-08-14 13:02:16] [ERROR] Unhandled Exception: Undefined array key "room_number" {"file":"C:\\MAMP\\htdocs\\2026\\clinic\\views\\admin\\ipd\\index.php","line":62,"trace":"#0 C:\\MAMP\\htdocs\\2026\\clinic\\views\\admin\\ipd\\index.php(62): {closure}(2, 'Undefined array...', 'C:\\\\MAMP\\\\htdocs\\\\...', 62)\n#1 C:\\MAMP\\htdocs\\2026\\clinic\\app\\Helpers\\functions.php(71): include('C:\\\\MAMP\\\\htdocs\\\\...')\n#2 C:\\MAMP\\htdocs\\2026\\clinic\\app\\Controllers\\IpdController.php(49): view('admin.ipd.index', Array)\n#3 [internal function]: App\\Controllers\\IpdController->index(Array)\n#4 C:\\MAMP\\htdocs\\2026\\clinic\\app\\Router.php(80): call_user_func_array(Array, Array)\n#5 C:\\MAMP\\htdocs\\2026\\clinic\\public\\index.php(380): App\\Router->dispatch('/admin/ipd', 'GET')\n#6 {main}"}
[2026-08-14 13:02:16] [ERROR] Unhandled Exception: Undefined array key "room_number" {"file":"C:\\MAMP\\htdocs\\2026\\clinic\\views\\admin\\ipd\\index.php","line":62,"trace":"#0 C:\\MAMP\\htdocs\\2026\\clinic\\views\\admin\\ipd\\index.php(62): {closure}(2, 'Undefined array...', 'C:\\\\MAMP\\\\htdocs\\\\...', 62)\n#1 C:\\MAMP\\htdocs\\2026\\clinic\\app\\Helpers\\functions.php(71): include('C:\\\\MAMP\\\\htdocs\\\\...')\n#2 C:\\MAMP\\htdocs\\2026\\clinic\\app\\Controllers\\IpdController.php(49): view('admin.ipd.index', Array)\n#3 [internal function]: App\\Controllers\\IpdController->index(Array)\n#4 C:\\MAMP\\htdocs\\2026\\clinic\\app\\Router.php(80): call_user_func_array(Array, Array)\n#5 C:\\MAMP\\htdocs\\2026\\clinic\\public\\index.php(380): App\\Router->dispatch('/admin/ipd', 'GET')\n#6 {main}"}
[2026-08-14 13:02:30] [ERROR] Unhandled Exception: Undefined array key "room_number" {"file":"C:\\MAMP\\htdocs\\2026\\clinic\\views\\admin\\ipd\\index.php","line":62,"trace":"#0 C:\\MAMP\\htdocs\\2026\\clinic\\views\\admin\\ipd\\index.php(62): {closure}(2, 'Undefined array...', 'C:\\\\MAMP\\\\htdocs\\\\...', 62)\n#1 C:\\MAMP\\htdocs\\2026\\clinic\\app\\Helpers\\functions.php(71): include('C:\\\\MAMP\\\\htdocs\\\\...')\n#2 C:\\MAMP\\htdocs\\2026\\clinic\\app\\Controllers\\IpdController.php(49): view('admin.ipd.index', Array)\n#3 [internal function]: App\\Controllers\\IpdController->index(Array)\n#4 C:\\MAMP\\htdocs\\2026\\clinic\\app\\Router.php(80): call_user_func_array(Array, Array)\n#5 C:\\MAMP\\htdocs\\2026\\clinic\\public\\index.php(380): App\\Router->dispatch('/admin/ipd', 'GET')\n#6 {main}"}
[2026-08-14 13:09:59] [ERROR] Unhandled Exception: Undefined array key "room_number" {"file":"C:\\MAMP\\htdocs\\2026\\clinic\\views\\admin\\ipd\\nursing_logs.php","line":15,"trace":"#0 C:\\MAMP\\htdocs\\2026\\clinic\\views\\admin\\ipd\\nursing_logs.php(15): {closure}(2, 'Undefined array...', 'C:\\\\MAMP\\\\htdocs\\\\...', 15)\n#1 C:\\MAMP\\htdocs\\2026\\clinic\\app\\Helpers\\functions.php(71): include('C:\\\\MAMP\\\\htdocs\\\\...')\n#2 C:\\MAMP\\htdocs\\2026\\clinic\\app\\Controllers\\IpdController.php(192): view('admin.ipd.nursi...', Array)\n#3 [internal function]: App\\Controllers\\IpdController->nursingLogs(Array)\n#4 C:\\MAMP\\htdocs\\2026\\clinic\\app\\Router.php(80): call_user_func_array(Array, Array)\n#5 C:\\MAMP\\htdocs\\2026\\clinic\\public\\index.php(380): App\\Router->dispatch('/admin/ipd/nurs...', 'GET')\n#6 {main}"}
[2026-08-14 13:10:30] [ERROR] Failed to write activity log to database: Non-static method App\Helpers\Database::execute() cannot be called statically {"action":"Session Timeout","details":"User mohit was logged out due to inactivity.","user_id":54}
[2026-08-14 13:10:38] [ERROR] Failed to write activity log to database: Non-static method App\Helpers\Database::execute() cannot be called statically {"action":"User Login","details":"User mohit logged in from IP: ::1","user_id":54}
[2026-08-14 13:10:48] [ERROR] Unhandled Exception: SQLSTATE[42S22]: Column not found: 1054 Unknown column 'a.bed_id' in 'on clause' {"file":"C:\\MAMP\\htdocs\\2026\\clinic\\app\\Helpers\\Database.php","line":106,"trace":"#0 C:\\MAMP\\htdocs\\2026\\clinic\\app\\Helpers\\Database.php(106): PDO->prepare('SELECT a.*, p.n...')\n#1 C:\\MAMP\\htdocs\\2026\\clinic\\app\\Helpers\\Database.php(187): App\\Helpers\\Database->getAll('SELECT a.*, p.n...', Array)\n#2 C:\\MAMP\\htdocs\\2026\\clinic\\app\\Controllers\\DoctorController.php(286): App\\Helpers\\Database::all('SELECT a.*, p.n...', Array)\n#3 [internal function]: App\\Controllers\\DoctorController->ipdIndex(Array)\n#4 C:\\MAMP\\htdocs\\2026\\clinic\\app\\Router.php(80): call_user_func_array(Array, Array)\n#5 C:\\MAMP\\htdocs\\2026\\clinic\\public\\index.php(380): App\\Router->dispatch('/doctor/ipd', 'GET')\n#6 {main}"}
[2026-08-14 13:15:34] [ERROR] Unhandled Exception: Undefined array key "room_number" {"file":"C:\\MAMP\\htdocs\\2026\\clinic\\views\\admin\\ipd\\nursing_logs.php","line":15,"trace":"#0 C:\\MAMP\\htdocs\\2026\\clinic\\views\\admin\\ipd\\nursing_logs.php(15): {closure}(2, 'Undefined array...', 'C:\\\\MAMP\\\\htdocs\\\\...', 15)\n#1 C:\\MAMP\\htdocs\\2026\\clinic\\app\\Helpers\\functions.php(71): include('C:\\\\MAMP\\\\htdocs\\\\...')\n#2 C:\\MAMP\\htdocs\\2026\\clinic\\app\\Controllers\\IpdController.php(199): view('admin.ipd.nursi...', Array)\n#3 [internal function]: App\\Controllers\\IpdController->nursingLogs(Array)\n#4 C:\\MAMP\\htdocs\\2026\\clinic\\app\\Router.php(80): call_user_func_array(Array, Array)\n#5 C:\\MAMP\\htdocs\\2026\\clinic\\public\\index.php(380): App\\Router->dispatch('/admin/ipd/nurs...', 'GET')\n#6 {main}"}
[2026-08-14 13:19:01] [ERROR] Failed to write activity log to database: Non-static method App\Helpers\Database::execute() cannot be called statically {"action":"User Logout","details":"User mohit logged out.","user_id":54}
[2026-08-14 13:19:20] [ERROR] Failed to write activity log to database: Non-static method App\Helpers\Database::execute() cannot be called statically {"action":"User Login","details":"User branch.kolkata@clinic.com logged in from IP: ::1","user_id":53}
